2221,'2840005880','28400058803','Funyuns Onion Rings 12Ct (9 Oz)','Funyuns Onion Flavored Rings Snack (0.75 Oz - 12) 9 Ounces 12 Pack Bag','','','FLNA','Funyuns','FLNA','Corporate',1,1
2224,'2840023431','28400234313','Funyuns Onion Flavored Rings Chile Limon 6 Oz Bag','Funyuns Chili Limon Flavored Onion Rings 6 Ounce Bag','','','FLNA','Funyuns','FLNA','Corporate',1,1
2222,'2840008295','28400082952','Funyuns Onion Flavored Rings 6 OZ BAG','6.50OZ FUNYUNS REGULAR','','','FLNA','Funyuns','FLNA','Corporate',1,1
2223,'2840024018','28400240185','Funyuns Onion Flv Rings (6 Oz)','Funyuns Onion Flavored Rings Snacks 6 Ounces Bag','','','FLNA','Funyuns','FLNA','Corporate',1,1
1305,'0','0','Coke Diet - 6 pk 12 OZ CAN','QKRQUAKES  CHEDDAR   3.3Z','','','FLNA','Grandmas','FLNA','Corporate',0,0
1331,'4141939866','','Combos Snacks Pretzel Pizzeria 15 OZ BAG','','','','Beverages','Izze','NEB','Corporate',0,0
2260,'5200032256','52000322569','Gator G2 Pomegrant','Gatorade G2 Perform Low Calorie Blueberry-Pomegranate Thirst Quencher 32 Fluid Ounce Bottle','','','Beverages','Gatorade','Gatorade','Corporate',1,1
2261,'5200013151','52000131512','Gatorade G Series 02 Perform G2 Raspberry Melon Thirst Quencher Low Cal 32 OZ BTL','GATORADE G2 RASPBERRY MELON   32Z','','','Beverages','Gatorade','Gatorade','Corporate',1,1
1345,'3000002913','30000029138','Cracker Jack Orig Pbo','Cracker Jack The Original Caramel Coated Popcorn & Peanuts 1oz 3PK Box','','','FLNA','Cracker Jack','FLNA','Corporate',1,1
1350,'7800001345','7800001345','CRUSH GRAPE 12PK 12/12 FO','CRSH GRP 12OZCN12PK3X4(2)','','','Beverages','Crush','PBC','Allied',1,1
49,'7800000531','7800000531','Cherry 7-Up 2 Ltr','7UP CHY 2LTRPLSNGL (8)','','','Beverages','7 Up','PBC','Allied',0,0
1332,'4141978047','','Combos Snacks Pretzel Pizzeria 15 OZ BAG','','','','Beverages','Izze','NEB','Corporate',0,0
42,'7800001080','7800001080','7-Up - 12 pk 12 OZ CAN','7UP 12OZCN12PK3X4(2)','','','Beverages','7 Up','PBC','Allied',1,1
43,'7800001180','7800001180','7 Up Fridge Pack','7UP 12OZCN12FM2X6(2)','','','Beverages','7 Up','PBC','Allied',0,0
45,'7800001219','7800001219','Lemon Lime 7Up','7UP 16OZPL4PK(6)','','','Beverages','7 Up','PBC','Allied',0,0
44,'7800001214','7800001214','7-Up - 24 pk 12 OZ CAN','7UP 12FLOZ CN 24CB','','','Beverages','7 Up','PBC','Allied',1,0
46,'7800000161','7800000161','Seven Up Quick Slam 6','7UP 20OZPLSGL(24)','','','Beverages','7 Up','PBC','Allied',0,0
1352,'4171011351','4171011351','CRUSH ORANGE 12PK 12/12 FO','12OZ CN CRSH ORG/GRP/STW 12/3FM OLD','','','Beverages','Crush','PBC','Allied',1,1
1353,'7800001305','7800001305','CRUSH ORANGE 12PK 12/12 FO','CRSH ORNG 12OZCN12FM2X6(2)','','','Beverages','Crush','PBC','Allied',1,1
48,'7800000034','7800000034','7UP 1 Litre Single Glass 15 Oz','7UP 2LTRPLSNGL (8)','','','Beverages','7 Up','PBC','Allied',1,0
51,'7800001182','7800001182','Seven Up Cherry','7UP CHY 12OZCN12FM2X6(2)','','','Beverages','7 Up','PBC','Allied',0,0
47,'7800000035','7800000035','Pepsi Cola 10 Fluid Ounce Glass Bottle','8OZ CN 7UP 6/4','','','Beverages','7 Up','PBC','Allied',1,0
53,'7800001181','7800001181','Diet 7 Up Fridge Pack','DT 7UP 12OZCN12FM2X6(2)','','','Beverages','7 Up','PBC','Allied',0,0
58,'7800001083','7800001083','Seven Up 10','12OZ CN 7UP TEN 12/2 FM','','','Beverages','7 Up','PBC','Allied',0,0
62,'7800005446','7800005446','Aw Cream Soda 2Ltr','20OZ PL AW CRM FSV','','','Beverages','A&W Root Beer','PBC','Allied',0,0
65,'7800005206','7800005206','A & W Root Beer - 12 pk 12 OZ CAN','12OZ CN AW RT BR 20/1','','','Beverages','A&W Root Beer','PBC','Allied',0,0
68,'7800000187','7800000187','Aw Rootbeer Can 12Z','A&W RT BR 12OZCN6PK(4)','','','Beverages','A&W Root Beer','PBC','Allied',0,0
71,'7800000185','7800000185','Aw Root Beer','8OZ CN AW RT BR 6/4','','','Beverages','A&W Root Beer','PBC','Allied',0,0
52,'7800001168','7800001168','7-Up Diet - 12 pk 12 OZ CAN','DT 7UP 12OZCN12PK3X4(2)','','','Beverages','7 Up','PBC','Allied',1,1
54,'7800001234','7800001234','7-Up Diet - 24 pk 12 OZ CAN','DT 7UP 12FLOZ CN 24PK','','','Beverages','7 Up','PBC','Allied',1,0
56,'7800000162','7800000162','7-Up Diet - 6 pk 20 OZ BTL','DT 7UP 20OZPLSGL(24)','','','Beverages','7 Up','PBC','Allied',0,0
57,'7800000075','7800000075','Pepsi Cola 10 Fluid Ounce Glass Bottle','DT 7UP 2LTRPLSNGL (8)','','','Beverages','7 Up','PBC','Allied',1,0
59,'7800001510','7800001510','Seven Up 10','2L PL 7UP TEN 1/8S','','','Beverages','7 Up','PBC','Allied',0,0
66,'7800005216','7800005216','Aw Root Beer Fridge','A&W RT BR 12OZCN12PK3X4(2)','','','Beverages','A&W Root Beer','PBC','Allied',0,0
63,'7800005512','7800005512','Aw Diet Cream','DT A&WCRM 12FLOZCN12FM(2X6)','','','Beverages','A&W Root Beer','PBC','Allied',0,0
69,'7800005242','7800005242','Aw Rootbeer 16.9Z','16.9OZ PL AW RT BR 6/4S','','','Beverages','A&W Root Beer','PBC','Allied',0,0
70,'7800005240','7800005240','Aw Rootbeer','A&W RT BR 20OZPLSGL(24)','','','Beverages','A&W Root Beer','PBC','Allied',0,0
72,'7800005246','7800005246','Aw Rootbeer 2Ltr','A&W RT BR 2LTRPLSNGL (8)','','','Beverages','A&W Root Beer','PBC','Allied',0,0
77,'7800005340','7800005340','A & W Root Beer Diet - 6 pk 20 OZ BTL','DT A&WRTB 20OZPLSGL(24)','','','Beverages','A&W Root Beer','PBC','Allied',0,0
79,'7800005346','7800005346','Aw Dt Rootbeer 2Ltr','DT A&WRTB 2 LTR PL BOTT','','','Beverages','A&W Root Beer','PBC','Allied',0,0
80,'7800001084','7800001084','Aw Root Beer_10','12OZ CN A&W TEN 12/2FM','','','Beverages','A&W Root Beer','PBC','Allied',0,0
50,'7800000831','7800000831','Diet Cherry 7-Up 2Ltr','2L PL DIET 7UP CHE 1/8S','','','Beverages','7 Up','PBC','Allied',0,0
55,'7800001223','7800001223','Seven Up Lem Lime Dt','DT 7UP 16.9OZPL6PK(4)','','','Beverages','7 Up','PBC','Allied',0,0
60,'7800005416','7800005416','Aw Cream','A&W CRM 12OZCN12PK3X4(2)','','','Beverages','A&W Root Beer','PBC','Allied',0,0
64,'7800005546','7800005546','Aw Dt Cream Soda','Aw Dt Cream Soda','','','Beverages','A&W Root Beer','PBC','Allied',0,0
78,'7800000687','7800000687','A & W Root Beer Diet - 6 pk 8 OZ CAN','A & W Root Beer Diet - 6 pk 8 OZ CAN','','','Beverages','A&W Root Beer','PBC','Allied',0,0
2263,'5200010240','52000102406','Gatorade Tropical Cooler (32 Fo)','Gatorade Thirst Quencher Tropical Cooler 32 Fluid Ounce Plastic Bottle','','','Beverages','Gatorade','Gatorade','Corporate',1,1
2264,'5200032434','52000324341','Gatorade G Series 02 Perform Original Rain Strawberry Kiwi Thirst Quencher 32 OZ BTL','Gatorade Frost Rain Strawberry Kiwi Thirst Quencher 32 Fluid Ounce Plastic Bottle','','','Beverages','Gatorade','Gatorade','Corporate',1,1
1354,'7800001309','7800001309','CRUSH ORANGE 24PK 24/12 FO','12OZ CN CRSH ORG 24/1CB CLB','','','Beverages','Crush','PBC','Allied',1,1
2262,'5200013152','52000131529','Gatorade G Series 02 Perform G2 Tropical Blend Thirst Quencher Low Cal 32 OZ BTL','Gatorade G2 Tropical Blend Thirst Quencher 32 Fluid Ounce Plastic Bottle','','','Beverages','Gatorade','Gatorade','Corporate',1,1
1357,'7800001336','7800001336','CRUSH ORANGE 2 LT','CRSH ORNG 2LTRPLSNGL (8)','','','Beverages','Crush','PBC','Allied',1,1
1358,'7800001328','7800001328','CRUSH ORANGE 20 FO','CRSH ORNG 20OZPLSGL(24)','','','Beverages','Crush','PBC','Allied',1,1
1359,'4171019288','4171019288','Crush Orange Soda Caffeine Free Diet 2 LTR BTL','2L PL DT CRSH ORG 1/8S DEP OLD','','','Beverages','Crush','PBC','Allied',1,1
2265,'5200013285','52000132854','Gatorade Citrus Coolr 8Pk (8/20 Fo)','Gatorade Thirst Quencher Citrus Cooler (8 - 20 Fl Oz) 160 Fluid Ounce 8 Pack Plastic Bottles','','','Beverages','Gatorade','Gatorade','Corporate',1,1
67,'7800005210','7800005210','A & W Root Beer - 24 pk 12 OZ CAN','A&W RT BR 12FLOZ CN 24PK','','','Beverages','A&W Root Beer','PBC','Allied',1,0
74,'7800005316','7800005316','Aw Root Beer Dt Cool','DT A&WRTB 12OZCN12PK3X4(2)','','','Beverages','A&W Root Beer','PBC','Allied',0,0
75,'7800005310','7800005310','A & W Root Beer Diet - 24 pk 12 OZ CAN','A & W Root Beer Diet - 24 pk 12 OZ CAN','','','Beverages','A&W Root Beer','PBC','Allied',0,0
76,'7800005342','7800005342','Aw Diet Root Beer','16.9OZ PL DT AW RT BR 6/4S','','','Beverages','A&W Root Beer','PBC','Allied',0,0
81,'7800001511','7800001511','Aw Root Beer 10','2L PL 7UP TEN 1/8S','','','Beverages','A&W Root Beer','PBC','Allied',0,0
1351,'7800001356','7800001356','CRUSH GRAPE 2 LT','CRSH GRP 2LTRPLSNGL (8)','','','Beverages','Crush','PBC','Allied',1,1
73,'7800005306','7800005306','A & W Root Beer Diet - 12 pk 12 OZ CAN','A & W Root Beer Diet - 12 pk 12 OZ CAN','','','Beverages','A&W Root Beer','PBC','Allied',0,0
1355,'7800001325','7800001325','CRUSH ORANGE 6PK 6/16.9 FO','CRSH ORNG 16.9OZPL6PK(4)','','','Beverages','Crush','PBC','Allied',1,1
1356,'4171011288','4171011288','Crush Orange Soda Caffeine Free 2 LTR BTL','2L PL CRSH ORG FSV OLD','','','Beverages','Crush','PBC','Allied',1,1
1360,'7800001397','7800001397','CRUSH DIET ORANGE 2 LT','DTCRSHORN 2LTRPLSNGL (8)','','','Beverages','Crush','PBC','Allied',1,1
1361,'4171019350','4171019350','Crush Orange Soda Diet Caffeine Free - 12 pk 12 OZ CAN','Crush Orange Soda Diet Caffeine Free - 12 pk 12 OZ CAN','','','Beverages','Crush','PBC','Allied',1,1
2271,'5200032673','52000326734','Gatorade Frce Grape (32 Fo)','Gatorade Fierce Grape Thirst Quencher 32 Fluid Ounce Plastic Bottle','','','Beverages','Gatorade','Gatorade','Corporate',1,1
2272,'5200010310','52000103106','Gator Glacr Chry 6Pk','Gatorade Thirst Quencher Frost Glacier Cherry (6 - 12 Fl Oz) 72 Fluid Ounce 6 Pack Plastic Bottles','','','Beverages','Gatorade','Gatorade','Corporate',1,1
2273,'5200010245','52000102451','Gatorade Glcr Cherry 8Pk (8/20 Fo)','Gatorade Frost Glacier Cherry Thirst Quencher (8-20 Fluid Ounce) 160 Fluid Ounces 8 Pack Plastic Bottles','','','Beverages','Gatorade','Gatorade','Corporate',1,1
2274,'5200033652','52000336528','Gatorade G Series Frost Glacier Freeze Instant Powder Mix 18.4 Oz Can','Gatorade Instant Powder Mix Frost Glacier Freeze 18.3 OZ','','','Beverages','Gatorade','Gatorade','Corporate',1,1
2276,'5200033582','52000335828','GATORADE FROST FREEZE','Gatorade Frost Glacier Freeze Thirst Quencher 64 Fluid Ounce Plastic Bottle','','','Beverages','Gatorade','Gatorade','Corporate',1,1
2277,'5200020808','52000208085','Gatorade Glcr Freeze 8Pk (8/20 Fo)','Gatorade Frost Glacier Freeze Thirst Quencher  (8-20 Fluid Ounce) 160 Fluid Ounce 8 Pack Plastic Bottles','','','Beverages','Gatorade','Gatorade','Corporate',1,1
1362,'7800001389','7800001389','CRUSH DIET ORANGE 12PK 12/12 FO','DTCRSHORN 12OZCN12FM2X6(2)','','','Beverages','Crush','PBC','Allied',1,1
2267,'5200032555','52000325553','Gatorade Cool Blue (32 Fo)','Gatorade Thirst Quencher Cool Blue 32 Fluid Ounce Bottle ','','','Beverages','Gatorade','Gatorade','Corporate',1,1
2268,'5200010412','52000104127','Gatorade Blue Cherry 8Pk (8/20 Fo Cr)','Gatorade Thirst Quencher Fierce Blue Cherry (8 - 20 Fl Oz) 160 Fluid Ounce 8 Pack Plastic Bottles','','','Beverages','Gatorade','Gatorade','Corporate',1,1
2269,'5200020811','52000208115','Gator Fierce Punc 8Pk','Gatorade Fierce Fruit Punch+Berry Thirst Quencher (8-20 Fluid Ounce) 160 Fluid Ounce Plastic Bottles','','','Beverages','Gatorade','Gatorade','Corporate',1,1
2270,'5200020842','52000208429','Gatorade G Series Fierce Grape Thirst Quencher - 8 Pk 20 Oz Btl','Gatorade Fierce Grape Thirst Quencher (8 - 20 Fluid Ounce) 160 Fluid Ounce 8 Pack Plastic Bottles','','','Beverages','Gatorade','Gatorade','Corporate',1,1
2279,'5200020809','52000208092','Gatorade G Series Frost Riptide Rush Thirst Quencher - 8 Pk 20 Oz Btl','Gatorade Frost Riptide Rush Thirst Quencher (8 - 20 Fluid Ounce) 160 Fluid Ounce 8 Pack Plastic Bottle','','','Beverages','Gatorade','Gatorade','Corporate',1,1
2275,'5200032016','52000320169','Gatorade Glacier Freeze (32 Fo)','Gatorade Frost Crisp & Cool Glacier Freeze Thirst Quencher 32 Fluid Ounce Plastic Bottle','','','Beverages','Gatorade','Gatorade','Corporate',1,1
2278,'5200032212','52000322125','Gatorade G Series Frost Orange Strawberry Thirst Quencher 32 Oz Btl','Gatorade Frost Orange Strawberry Thirst Quencher 32 Fluid Ounce Plastic Bottle','','','Beverages','Gatorade','Gatorade','Corporate',1,1
2280,'5200032012','52000320121','Gatorade Frst Rptde Rsh (32 Fo)','Gatorade Frost Riptide Rush Thirst Quencher 32 Fluid Ounce Plastic Bottle','','','Beverages','Gatorade','Gatorade','Corporate',1,1
2281,'5200032213','52000322132','Gator Frost Trop Mngo','Gatorade Frost Tropical Mango Thirst Quencher 32 Fluid Ounce Bottle ','','','Beverages','Gatorade','Gatorade','Corporate',1,1
2283,'5200020806','52000208061','Gatorade Fruit Punch 8Pk (8/20 Fo)','Gatorade Fruit Punch Thirst Quencher (8 - 20 Fluid Ounce) 160 Fluid Ounce 8 Pack Plastic Bottles','','','Beverages','Gatorade','Gatorade','Corporate',1,1
2282,'5200012936','52000129366','Gator All Star Frt 6P','Gatorade Thirst Quencher Fruit Punch (6 - 12 Fluid Ounce) 72 Fluid Ounce 6 Pack Plastic Bottles','','','Beverages','Gatorade','Gatorade','Corporate',1,1
2266,'5200020844','52000208443','Gatorade Cool Blue 8Pk (8/20 Fo)','Gatorade Thirst Quencher Cool Blue Raspberry (8 - 20 Fluid Ounce) 160 Fluid Ounce 8 Pack Plastic Bottle','','','Beverages','Gatorade','Gatorade','Corporate',1,1
127,'1200001756','12000017568','AMP Energy Drink - 4 pk 16 OZ CAN','Amp Energy Original Citrus Flavored Energy Drink (4 - 16 Fl Oz) 64 Fluid Ounce Cans','','','Beverages','AMP','PBC','Corporate',1,1
128,'1200001643','12000016431','Amp Energy (16 Fo)','Amp Energy Original Citrus Flavored Energy Drink 16 Fluid Ounce Can','','','Beverages','AMP','PBC','Corporate',1,1
2284,'5200033875','52000338751','Gatorade Fruit Punch (32 Fo)','Gatorade Thirst Quencher Fruit Punch 32 Fluid Ounce Plastic Bottle','','','Beverages','Gatorade','Gatorade','Corporate',1,1
2285,'5200033830','52000338300','Gatorade Fruit Punch (64 Fo)','Gatorade Thirst Quencher Fruit Punch 64 Fluid Ounce Plastic Bottle','','','Beverages','Gatorade','Gatorade','Corporate',1,1
2287,'5200012174','52000121742','Gator All Str Pnch 6P','Gatorade Thirst Quencher Ice Punch (6 - 12 Fl Oz) 72 Fluid Ounce 6 Pack Plastic Bottles','','','Beverages','Gatorade','Gatorade','Corporate',1,1
2290,'5200020805','52000208054','Gatorade Lemon Lime 8Pk (8/20 Fo)','Gatorade Lemon Lime Thirst Quencher (8-20 Fluid Ounce) 160 Fluid Ounce 8 Pack Plastic Bottles','','','Beverages','Gatorade','Gatorade','Corporate',1,1
2292,'5200033877','52000338775','Gatorade Lemon Lime (32 Fo)','Gatorade Lemon-Lime Thirst Quencher 32 Fluid Ounce Bottle ','','','Beverages','Gatorade','Gatorade','Corporate',1,1
2293,'5200033832','52000338324','Gatorade Lemon Lime (64 Fo)','Gatorade Lemon Lime 64 Fluid Ounce Plastic Bottle','','','Beverages','Gatorade','Gatorade','Corporate',1,1
2291,'5200033776','52000337761','Gator 1 Gal Lemlime','Gatorade Thirst Quencher Lemon Lime 128 Fluid Ounce Plastic Bottle','','','Beverages','Gatorade','Gatorade','Corporate',1,1
2300,'5200012125','52000121254','Gator All Star Bry 6P','Gatorade Thirst Quencher Berry (6 - 12 Fl Oz) 72 Fluid Ounce 6 Pack Plastic Bottles','','','Beverages','Gatorade','Gatorade','Corporate',1,1
2301,'5200004003','52000040036','GATORADE BERRY PRIME','Gatorade Prime Sports Fuel Drink Berry 4 Fluid Ounce Plastic Bag','','','Beverages','Gatorade','Gatorade','Corporate',1,1
2302,'5200013448','52000134483','Gatorade Prm Blue Chws (1 Oz)','Gatorade Prime Energy Chews Cool Blue 1 Ounce Sleeve','','','Beverages','Gatorade','Gatorade','Corporate',1,1
2286,'5200012107','52000121070','Gatorade G Series Grape Thirst Quencher - 6 pk 12 OZ BTL','Gatorade Thirst Quencher Fierce Grape (6 - 12 Fl Oz) 72 Fluid Ounce 6 Pack Plastic Bottles','','','Beverages','Gatorade','Gatorade','Corporate',1,1
2288,'5200003962','52000039627','GATORADE LEMON LIME PWDR 18.4 OZ','Gatorade Instant Powder Mix Lemon Lime 18.30Z','','','Beverages','Gatorade','Gatorade','Corporate',1,1
2298,'5200033876','52000338768','Gatorade Orange (32 Fo)','Gatorade Thirst Quencher Orange 32 Fluid Ounce Bottle','','','Beverages','Gatorade','Gatorade','Corporate',1,1
2303,'5200013446','52000134469','Gatorade Prm Fr Pnch Chws (1 Oz)','Gatorade Prime Energy Chews Fruit Punch 1 Ounce Sleeve','','','Beverages','Gatorade','Gatorade','Corporate',1,1
2295,'5200012935','52000129359','Gator All Star Org 6P','Gatorade Thirst Quencher Orange (6 - 12 Fluid Ounce) 72 Fluid Ounce 6 Pack Plastic Bottles','','','Beverages','Gatorade','Gatorade','Corporate',1,1
2289,'5200012934','52000129342','Gator All Star Ll 6P','Gatorade Thirst Quencher Lemon-Lime (6 - 12 Fl Oz) 72 Fluid Ounce 6 Pack Plastic Bottles','','','Beverages','Gatorade','Gatorade','Corporate',1,1
2294,'5200032180','52000321807','Gatorade Perform Lemonade (32 Fo)','Gatorade Thirst Quencher Lemonade 32 Fluid Ounce Plastic Bottle','','','Beverages','Gatorade','Gatorade','Corporate',1,1
2296,'5200020807','52000208078','Gatorade Orange 8Pk (8/20 Fo)','Gatorade Thirst Quencher Orange (8 - 20 Fluid Ounce) 160 Fluid Ounce 8 Pack Plastic Bottles','','','Beverages','Gatorade','Gatorade','Corporate',1,1
2305,'5200004004','52000040043','GATORADE FRUIT PUNCH PRIME','Gatorade Prime Sports Fuel Drink Fruit Punch 4 Fluid Ounce Plastic Bag','','','Beverages','Gatorade','Gatorade','Corporate',1,1
2306,'5200032431','52000324310','Gatorade Frst Rain Berry (32 Fo)','Gatorade Frost Rain Berry Thirst Quencher 32 Fluid Ounce Plastic Bottle','','','Beverages','Gatorade','Gatorade','Corporate',1,1
2307,'5200050111','52000501117','Gatorade G Series Recover Mixed Berry Protein Recovery Beverage 16.9 OZ BTL','Gatorade Mixed Berry Protein Recovery Beverage 16.9 Fluid Ounce Plastic Bottle','','','Beverages','Gatorade','Gatorade','Corporate',1,1
2308,'5200010425','52000104257','Gatorade G Series Strawberry Lemonade Thirst Quencher - 8 Pk 20 Oz Btl','Gatorade Thirst Quencher Strawberry Lemonade (8 - 20 Fl Oz) 160 Fluid Ounce 8 Pack Plastic Bottles','','','Beverages','Gatorade','Gatorade','Corporate',1,1
2311,'5200020162','52000201628','Gatorade G Series Variety (Punch/Lemon-Lime/Orange) Thirst Quencher 12 Pk 20 Oz Btl','Gatorade Thirst Quencher Variety Pack (12 - 20 Fluid Ounce) 240 Fluid Ounce 12 Pack Plastic Bottles','','','Beverages','Gatorade','Gatorade','Corporate',1,1
2312,'5200012324','52000123241','Gatorade Variety 18Pk (18/12 Fo)','Gatorade  Thirst Quencher Variety Pack (18 - 12 Fl Oz) 216 Fluid Ounce 18 Pack Plastic Bottles','','','Beverages','Gatorade','Gatorade','Corporate',1,1
2316,'5200032198','52000321982','Gatorade G2 Fruit Punch (32 Fo)','Gatorade G2 Low Calories Fruit Punch Thirst Quencher 32 Fluid Ounce Bottle. ','','','Beverages','Gatorade','Gatorade','Corporate',1,1
2319,'5200020021','52000200218','Gatorade G2 Glcr Frz 8Pk (8/20 Fo)','Gatorade Thirst Quencher Low Calorie Glacier Freeze (8 - 20 Fl Oz) 160 Fluid Ounce 8 Pack Plastic Bottles','','','Beverages','Gatorade','Gatorade','Corporate',1,1
2297,'5200003940','5200003940','Gatorade G Series Orange Thirst Quencher 32 OZ BTL','GA LQ CRE 32OZ 12CS ORANGE','','','Beverages','Gatorade','Gatorade','Corporate',1,1
2299,'5200033831','52000338317','Gatorade Orange (64 Fo)','Gatorade Orange Thirst Quencher 64 Fluid Ounce Plastic Bottle','','','Beverages','Gatorade','Gatorade','Corporate',1,1
2314,'5200020972','52000209723','Gatorade G2 Series Blueberry Pomegranate Thirst Quencher Low Calorie 8 pk 20 OZ BTL','Gatorade G2 Low Calorie Blueberry Pomegranate  (8 - 16 Fluid Ounce) 128 Fluid Ounce 8 Pack Plastic Bottle','','','Beverages','Gatorade','Gatorade','Corporate',1,1
2317,'5200064000','52000640007','Gatorade G2 Series Fruit Punch Thirst Quencher Low Calorie 64 OZ BTL','GATORADE  FRUIT PUNCH   64Z/8','','','Beverages','Gatorade','Gatorade','Corporate',1,1
2320,'5200032015','52000320152','Gatorade G2 Glcr Freeze (32 Fo)','Gatorade G2 Glacier Freeze Thirst Quencher 32 Fluid Ounce Plastic Bottle','','','Beverages','Gatorade','Gatorade','Corporate',1,1
2304,'5200013447','52000134476','Gatorade G Series Prime Energy Chews Orange - 6 ct 1 OZ PKG','Gatorade Prime Energy Chews Orange 1 Ounce Sleeve','','','Beverages','Gatorade','Gatorade','Corporate',1,1
2309,'5200013456','52000134568','Gator  Strwwtr 8Pk','Gatorade Thirst Quencher Strawberry Watermelon 20 Fluid Ounce 8 Pack Plastic Bottles ','','','Beverages','Gatorade','Gatorade','Corporate',1,1
2324,'5200020968','52000209686','Gator G2 Lemlime 8Pk','Gatorade Thirst Quencher Low Calorie Lemon-Lime (8 - 20 Fl Oz) 160 Fluid Ounce 8 Pack Plastic Bottles','','','Beverages','Gatorade','Gatorade','Corporate',1,1
2326,'5200020872','52000208726','Gatorade G2 Orange 8Pk (8/20 Fo)','Gatorade Thirst Quencher Low Calorie Orange (8 - 20 Fl Oz) 160 Fluid Ounce 8 Pack Plastic Bottles','','','Beverages','Gatorade','Gatorade','Corporate',1,1
2315,'5200020870','52000208702','Gatorade G2 Frt Punch 8Pk (8/20 Fo)','Gatorade Thirst Quencher Low Calorie Fruit Punch (8 - 20 Fluid Ounce) 160 Fluid Ounce 8 Pack Plastic Bottle','','','Beverages','Gatorade','Gatorade','Corporate',1,1
2318,'5200012006','52000120066','Gator G2 Glcr 6P','Gatorade G2 Thirst Quencher Low Calorie Glacier Freeze (6 - 12 Fl Oz) 72 Fluid Ounce 6 Pack Plastic Bottles','','','Beverages','Gatorade','Gatorade','Corporate',1,1
2322,'5200020871','52000208719','Gatorade G2 Grape 8Pk (8/20 Fo)','Gatorade G2 Low Calorie Grape Thirst Quencher (8 - 20 Fluid Ounce) 160 Fluid Ounce 8 Pack Plastic Bottles','','','Beverages','Gatorade','Gatorade','Corporate',1,1
2333,'5200010389','52000103892','Gatorade Rcvr Cky Crm Shk (11.16 Fo)','Gatorade Recover Cookie Cream Protein Shake 11.16Oz Plastic Bottle','','','Beverages','Gatorade','Gatorade','Corporate',1,1
2321,'5200012161','52000121612','Gatorade G2 Series Grape Thirst Quencher Low Calorie - 6 Pk 12 Oz Btl','Gatorade G2 Low Calorie Grape Thirst Quencher (6 - 12 Fl Oz) 72 Fluid Ounce 6 Pack Plastic Bottles','','','Beverages','Gatorade','Gatorade','Corporate',1,1
224,'1200001743','12000017438','Aquafina Splash Grape','Aquafina Flavorsplash Go Grape Water (6-16.9 Fl Oz) 101.4 Fluid Ounce Plastic Bottles','','','Beverages','Aquafina','PBC','Corporate',1,1
2327,'5200020407','52000204070','Gatorade G2 Series Orange Thirst Quencher Low Calorie 20 OZ BTL','Gatorade G2 Orange Thirst Quencher  20 Fluid Ounce Plastic Bottle','','','Beverages','Gatorade','Gatorade','Corporate',1,1
2330,'5200013329','52000133295','Gatorade G2 Series Variety (Punch/Glacier/Grape) Thirst Quencher 12 pk 20 OZ BTL','Gatorade G2 Low Calorie Variety (12 - 20 Fluid Ounce) 240 Fluid Ounce 12 Pack Plastic Bottle','','','Beverages','Gatorade','Gatorade','Corporate',1,1
2331,'5200013124','52000131246','Gatorade G2 Variety','Gatorade G2 Low Calorie FrtPnch/GlcrFrz/Grpe Variety Pack (18 - 12 Fl Oz) 216 Fluid Ounce 18 Pack Plastic Bottles','','','Beverages','Gatorade','Gatorade','Corporate',1,1
2336,'5200010406','52000104066','Gatorade Blue Cherry (32 Fo)','Gatorade Fierce Blue Cherry Thirst Quencher 32 Fluid Ounce Bottle. ','','','Beverages','Gatorade','Gatorade','Corporate',1,1
2337,'5200010296','52000102963','Gator Straw Lem Qt','Gatorade Strawberry Lemonade Thirst Quncher 32 Fluid Ounce Bottle. ','','','Beverages','Gatorade','Gatorade','Corporate',1,1
2329,'5200013455','52000134551','Gator 02 Rsplmn 8Pk','Gatorade G2 Raspberry Lemonade (8 - 20 Fluid Ounce) 160 Fluid Ounce 8 Pack Plastic Bottle','','','Beverages','Gatorade','Gatorade','Corporate',1,1
2332,'5200010109','52000101096','Gatorade Rcvr Choc Shake (11.16 Fo)','Gatorade Recover Chocolate Protein Shake 11.16Oz Plastic Bottle','','','Beverages','Gatorade','Gatorade','Corporate',1,1
2334,'5200010388','52000103885','Gatorade G Series Peanut Butter Chocolate Recover Protein Shake 11.1 Oz Btl','Gatorade Recover Protein Shake Peanut Butter Chocolate 11.16 Fluid Ounce Plastic Bottle','','','Beverages','Gatorade','Gatorade','Corporate',1,1
2335,'5200010110','52000101102','Gatorade Rcvr Vnlla Shake (11.16 Fo)','Gatorade Recover Protein Shake Vanilla 11.16 Fluid Ounce Plastic Bottle','','','Beverages','Gatorade','Gatorade','Corporate',1,1
225,'1200001206','12000012068','Aqua Flav Raspberry','Aquafina Flavorsplash Really Raspberry(6-16.9 Fl Oz) 101.4 Fluid Ounces 6 Pack Plastic Bottles','','','Beverages','Aquafina','PBC','Corporate',1,1
2310,'5200013331','52000133318','Gatorade G Series Variety (Cool Blue/Riptide/Glacier) Thirst Quencher 12Pk 20 Oz Btl','Gatorade Thirst Quencher Variety (12 - 20 Fluid Ounce) 240 Fluid Ounce 12 Pack Plastic Bottle','','','Beverages','Gatorade','Gatorade','Corporate',1,1
2313,'5200010239','52000102390','Gatorade Glacier Cherry (32 Fo)','Gatorade Frost Glacier Cherry Thirst Quencher 32 Fluid Ounce Bottle.','','','Beverages','Gatorade','Gatorade','Corporate',1,1
2323,'5200032199','52000321999','Gatorade G2 Grape (32 Fo)','Gatorade G2 Low Calorie Grape Thirst Quencher 32 Fluid Ounce Plastic Bottle','','','Beverages','Gatorade','Gatorade','Corporate',1,1
226,'1200001207','12000012075','Aqua Wld Berry Splash','Aquafina Flavorsplash Berry berry Wild Berry Flavor(6-16.9 Fl Oz) 101.4 Fluid Ounces 6 Pack Plastic Bottles','','','Beverages','Aquafina','PBC','Corporate',1,1
227,'1200011209','12000112096','Aquafina Flavorsplash Berry Loco Four Berry Blend Sparkling Water 16.9 OZ BTL','Aquafina Sparkling Flavored Water 4 Berry Blend 16.9z PET','','','Beverages','Aquafina','PBC','Corporate',1,1
230,'1200050404','12000504044','Aquafina Water 24Pk (24/16.9 Fo)','Aquafina Purified Drinking Water (24 - 16.9 Fl Oz) 405.6 Fluid Ounce 24 Pack Plastic Bottles','','','Beverages','Aquafina','PBC','Corporate',1,1
231,'1200000317','12000003172','Aquafina Purified Drinking Water - 6 pk 16.9 OZ BTL','Aquafina Water 16.9 Fluid Ounce 6 pack plastic bottles','','','Beverages','Aquafina','PBC','Corporate',1,1
234,'1200000157','12000001574','Aquafina Pure Water (1 Lt)','Aquafina Water 1 Liter Plastic Bottle','','','Beverages','Aquafina','PBC','Corporate',1,1
2325,'5200032251','52000322514','Gatorade G2 Lemon Lime (32 Fo)','Gatorade G2 Low Calories Lemon-Lime Thirst Quencher 32 Fluid Ounce Plastic Bottle.','','','Beverages','Gatorade','Gatorade','Corporate',1,1
2328,'5200032217','52000322170','Gator G2 Orange','Gatorade G2 Orange Thirst Quencher 32 Fluid Ounce Plastic Bottle','','','Beverages','Gatorade','Gatorade','Corporate',1,1
235,'1200000159','12000001598','Aquafina Water Single (20 Fo)','Aquafina Water 20 Fluid Ounce Plastic Bottle','','','Beverages','Aquafina','PBC','Corporate',1,1
229,'1200011211','12000112119','Aquafina Flavorsplash Peelin' Good Orange Citrus Sparkling Water 16.9 OZ BTL','Aquafina Sparkling Flavored Water Orange Citrus16.9z PET','','','Beverages','Aquafina','PBC','Corporate',1,1
228,'1200011210','12000112102','Aquafina Flavorsplash Color Me Kiwi Kiwi Strawberry Sparkling Water 16.9 OZ BTL','Aquafina Sparkling Flavored Water Kiwi Strawberry 16.9z PET','','','Beverages','Aquafina','PBC','Corporate',1,1
232,'1200000875','12000008757','Aquafina Water 6Pk (6/24 Fo)','Aquafina Water (6-24 Fl Oz) 144 Fluid Ounce 6 Pack Plastic Bottles','','','Beverages','Aquafina','PBC','Corporate',1,1
233,'1200001420','12000014208','Aquafina Water 8Pk','Aquafina Water (8-12 Fluid Ounce) 96 Fluid Ounce 8 Pack Plastic Bottles','','','Beverages','Aquafina','PBC','Corporate',1,1
287,'3000005300','30000053003','Anjm Comp Btrmlk Pnck Mx (32 Oz)','Aunt Jemima Complete Buttermilk Pancake & Waffle Mix 32 Ounce Paper Box','','','Quaker','Aunt Jemima','Quaker','Corporate',1,1
292,'3000005620','30000056202','Anjm Butterlite Syrup (24 Fo)','Aunt Jemima Butter Lite Syrup 24 Fluid Ounce Plastic Bottle','','','Quaker','Aunt Jemima','Quaker','Corporate',1,1
295,'3000005970','30000059708','Anjm Regular Syrup (24 Fo)','Aunt Jemima Original Syrup 24 Fluid Ounce Plastic Bottle','','','Quaker','Aunt Jemima','Quaker','Corporate',1,1
288,'3000005040','30000050408','Anjm Pancake Mix (32 Oz)','Aunt Jemima Original Pancake & Waffle Mix 32 Ounce Box','','','Quaker','Aunt Jemima','Quaker','Corporate',1,1
286,'3000005070','30000050705','Anjm Complete Pancake Mx (32 Oz)','Aunt Jemima Original Complete Pancake & Waffle Mix 32 Ounce Paper Box','','','Quaker','Aunt Jemima','Quaker','Corporate',1,1
289,'3000005150','30000051504','Aj Pancake Mix Wheat','Aunt Jemima Whole Wheat Pancake & Waffle Mix 35 Ounce Box','','','Quaker','Aunt Jemima','Quaker','Corporate',1,1
290,'3000008940','30000089408','Aj Selfrise Flour','Aunt Jemima Self-Rising Flour Enriched Bleached 80 Ounce Bag ','','','Quaker','Aunt Jemima','Quaker','Corporate',1,1
293,'3000005940','30000059401','Aj Pancake Syr Butrc','Aunt Jemima Butter Rich Syrup 24 Fluid Ounce Plastic Bottle','','','Quaker','Aunt Jemima','Quaker','Corporate',1,1
294,'3000005800','30000058008','Anjm Lite Syrup (24 Fo)','Aunt Jemima Original Lite Syrup 24 Fluid Ounce Plastic Bottle','','','Quaker','Aunt Jemima','Quaker','Corporate',1,1
296,'3000005960','30000059609','Aunt Jemima Syrup Original 36 Oz Btl','Aunt Jemima Original Syrup 36 Fluid Ounce Plastic Bottle','','','Quaker','Aunt Jemima','Quaker','Corporate',1,1
291,'3000005950','30000059500','Anjm Regular Syrup (12 Fo)','Aunt Jemima Original Syrup 12 Fluid Ounce Plastic Bottle','','','Quaker','Aunt Jemima','Quaker','Corporate',1,1
1554,'7800006316','7800006316','Diet Rite Cola Cans','DIET RITE COLA 12OZCN12FM2X6(2)','','','Beverages','Dr Pepper','PBC','Allied',0,0
1565,'4850020887','48500208878','Dole 100% Orange Juice with Calcium No Pulp 59 OZ BTL','Dloe 100% Orange Juice Calcium/No Pulp 59 Fluid Ounce Carton','','','Beverages','Dole','Tropicana','Corporate',1,1
1570,'4850002114','48500021149','Dole Pineapple Orange','Dole 100% Juice Pineapple Orange 59 Fluid Ounce Plastic Botttle ','','','Beverages','Dole','Tropicana','Corporate',1,1
1566,'4850002112','48500021125','Dole Orng Peach Mango','Dole 100% Juice Orange Peach Mango 59 Fluid Ounce Plastic Bottle','','','Beverages','Dole','Tropicana','Corporate',1,1
1567,'4850005012','48500050125','Dole 100% Orange Peach Mango Juice Blend 59 OZ BTL','DOLE 100% JCE ORANGE PEACH MANGO   64Z','','','Beverages','Dole','Tropicana','Corporate',1,1
1569,'4850002115','48500021156','Dole Pine Orng Banana','Dole 100% Juice Pineapple Orange Banana 59 Fluid Ounce Plastic Botttle','','','Beverages','Dole','Tropicana','Corporate',1,1
1582,'2840007190','28400071901','Doritos Baked! Tortilla Chips Nacho Cheese 8 OZ BAG','11.50OZ DORITOS NACHO','','','FLNA','Baked','FLNA','Corporate',1,1
1576,'7120200400','7120200400','Dole Fruit Smoothie Shakers Fruit & Yogurt Kit Mixed Berry Frozen 4 OZ BTL','Dole Fruit Smoothie Shakers Fruit & Yogurt Kit Mixed Berry Frozen 4 OZ BTL','','','Beverages','Dole','Tropicana','Corporate',0,0
1579,'7120200805','7120200805','Dole Nutrition Plus Shakers Fruit & Veggie Power Smoothie Pineapple Mango 3.75 OZ BTL','Dole Nutrition Plus Shakers Fruit & Veggie Power Smoothie Pineapple Mango 3.75 OZ BTL','','','Beverages','Dole','Tropicana','Corporate',0,0
1571,'4850005001','48500050019','Dole 100% Orange Pineapple Juice Blend 59 OZ BTL','DOLE 100% JCE PINEAPPLE ORANGE   64Z','','','Beverages','Dole','Tropicana','Corporate',1,1
1572,'4850002111','48500021118','Dole 100% Orange Strawberry Banana Juice Blend 59 Oz Btl','Dole 100% Juice Orange Strawberry Banana 59 Fluid Ounce Plastic Bottle','','','Beverages','Dole','Tropicana','Corporate',1,1
1573,'3890000947','3890000947','Dole Pineapple Jc 6Pk','Dole Pineapple Jc 6Pk','','','Beverages','Dole','Tropicana','Corporate',0,1
1574,'4850002113','48500021132','Dole Pineapple Juice','Dole 100% Pineapple Juice 59 Fluid Ounce Plastic Bottle','','','Beverages','Dole','Tropicana','Corporate',1,1
1578,'7120200600','7120200600','Dole Fruit Smoothie Shakers Fruit & Yogurt Mix Strawberry Banana Frozen 4 OZ BTL','Dole Fruit Smoothie Shakers Fruit & Yogurt Mix Strawberry Banana Frozen 4 OZ BTL','','','Beverages','Dole','Tropicana','Corporate',0,0
1568,'4850025012','48500250129','DOLE ORANGE PEACH MANGO 59 FO','Dole 100% Juice Orange Peach Mango 59 Fluid Ounce Carton','','','Beverages','Dole','Tropicana','Corporate',1,1
1575,'3890000940','3890000940','Dole 100% Pineapple Orange Juice - 6 pk 6 OZ CAN','Dole 100% Pineapple Orange Juice - 6 pk 6 OZ CAN','','','Beverages','Dole','Tropicana','Corporate',1,1
1577,'7120200500','7120200500','Dole Fruit Smoothie Shakers Fruit & Yogurt Kit Peach Mango Frozen 4 OZ BTL','Dole Fruit Smoothie Shakers Fruit & Yogurt Kit Peach Mango Frozen 4 OZ BTL','','','Beverages','Dole','Tropicana','Corporate',0,0
1580,'3890000818','3890000818','Dole Pineapple Juice','Dole Pineapple Juice','','','Beverages','Dole','Tropicana','Corporate',0,1
1589,'2840008339','2840008339','Doritos Tortilla Chips Cool Ranch 10 OZ BAG','12OZ DORITOS CRA COOL RANCH','','','FLNA','Doritos','FLNA','Corporate',1,1
1590,'2840015607','28400156073','Doritos Tortilla Chips Cool Ranch 10 OZ BAG','Doritos Cool Ranch Flavored Tortilla Chips 11 Ounce Plastic Bag','','','FLNA','Doritos','FLNA','Corporate',1,1
1587,'2840005663','28400056632','Dorito Nacho Cheese 6Ct (6 Oz)','Doritos Nacho Cheese Tortilla Chips (6-1 Ounce) 6 Ounce Plastic Bag','','','FLNA','Doritos','FLNA','Corporate',1,1
1591,'2840033575','28400335751','DORITOS CL RNCH','Doritos Cool Ranch Tortilla Chips 10.5 Ounce Plastic Bag','','','FLNA','Doritos','FLNA','Corporate',1,1
1595,'2840003875','28400038751','Doritos Tortilla Chips Nacho Cheese 10 OZ BAG','11.50OZ DORITOS NACHO','','','FLNA','Doritos','FLNA','Corporate',1,1
1596,'2840008342','2840008342','Doritos Tortilla Chips Nacho Cheese 10 OZ BAG','12OZ DORITOS NACHO','','','FLNA','Doritos','FLNA','Corporate',1,1
1597,'2840015636','28400156363','Dorito Nacho Cheese (11 Oz)','Doritos Nacho Cheese Tortilla Chips 11 Ounce Bag','','','FLNA','Doritos','FLNA','Corporate',1,1
1598,'2840033579','28400335799','DORITOS NCHO CHSE','Doritos Nacho Cheese Tortilla Chips 10.5 Ounce Bag','','','FLNA','Doritos','FLNA','Corporate',1,1
1606,'2840015296','28400152969','Doritos Tortilla Chips Spicy Nacho Party Size 15.5 OZ BAG','Doritos Party Size Spicy Nacho Tortilla Chips 16 Ounce Bag','','','FLNA','Doritos','FLNA','Corporate',1,1
1592,'2840008297','28400082976','Doritos Tortilla Chips Cool Ranch Party Size 15.5 OZ BAG','17.00OZ DORITOS CRA COOL RANCH','','','FLNA','Doritos','FLNA','Corporate',1,1
1593,'2840015298','28400152983','Doritos Tortilla Chips Cool Ranch Party Size 15.5 OZ BAG','Doritos Party Size Cool Ranch Tortilla Chips 16 Ounce Bag','','','FLNA','Doritos','FLNA','Corporate',1,1
1594,'2840033730','28400337304','Fl Doritos Cool Ranch','Doritos Party Size Cool Ranch Tortilla Chips 15.5 Ounce Plastic Bag','','','FLNA','Doritos','FLNA','Corporate',1,1
