UPC,BU,PepsiBrand,SubBU,BrandSource,IsPepsiProduct,IsPepsiProductOld
7800001080,Beverages,7 Up,PBC,Allied,True,True
7800001180,Beverages,7 Up,PBC,Allied,False,False
7800001214,Beverages,7 Up,PBC,Allied,True,False
7800001219,Beverages,7 Up,PBC,Allied,False,False
7800000161,Beverages,7 Up,PBC,Allied,False,False
7800000035,Beverages,7 Up,PBC,Allied,True,False
7800000034,Beverages,7 Up,PBC,Allied,True,False
7800000531,Beverages,7 Up,PBC,Allied,False,False
7800000831,Beverages,7 Up,PBC,Allied,False,False
7800001182,Beverages,7 Up,PBC,Allied,False,False
7800001168,Beverages,7 Up,PBC,Allied,True,True
7800001181,Beverages,7 Up,PBC,Allied,False,False
7800001234,Beverages,7 Up,PBC,Allied,True,False
7800001223,Beverages,7 Up,PBC,Allied,False,False
7800000162,Beverages,7 Up,PBC,Allied,False,False
7800000075,Beverages,7 Up,PBC,Allied,True,False
7800001083,Beverages,7 Up,PBC,Allied,False,False
7800001510,Beverages,7 Up,PBC,Allied,False,False
7800005416,Beverages,A&W Root Beer,PBC,Allied,False,False
7800005446,Beverages,A&W Root Beer,PBC,Allied,False,False
7800005512,Beverages,A&W Root Beer,PBC,Allied,False,False
7800005546,Beverages,A&W Root Beer,PBC,Allied,False,False
7800005206,Beverages,A&W Root Beer,PBC,Allied,False,False
7800005216,Beverages,A&W Root Beer,PBC,Allied,False,False
7800005210,Beverages,A&W Root Beer,PBC,Allied,True,False
7800000187,Beverages,A&W Root Beer,PBC,Allied,False,False
7800005242,Beverages,A&W Root Beer,PBC,Allied,False,False
7800005240,Beverages,A&W Root Beer,PBC,Allied,False,False
7800000185,Beverages,A&W Root Beer,PBC,Allied,False,False
7800005246,Beverages,A&W Root Beer,PBC,Allied,False,False
7800005306,Beverages,A&W Root Beer,PBC,Allied,False,False
7800005316,Beverages,A&W Root Beer,PBC,Allied,False,False
7800005310,Beverages,A&W Root Beer,PBC,Allied,False,False
7800005342,Beverages,A&W Root Beer,PBC,Allied,False,False
7800005340,Beverages,A&W Root Beer,PBC,Allied,False,False
7800000687,Beverages,A&W Root Beer,PBC,Allied,False,False
7800005346,Beverages,A&W Root Beer,PBC,Allied,False,False
7800001084,Beverages,A&W Root Beer,PBC,Allied,False,False
7800001511,Beverages,A&W Root Beer,PBC,Allied,False,False
1200001756,Beverages,AMP,PBC,Corporate,True,True
1200001643,Beverages,AMP,PBC,Corporate,True,True
1200001743,Beverages,Aquafina,PBC,Corporate,True,True
1200001206,Beverages,Aquafina,PBC,Corporate,True,True
1200001207,Beverages,Aquafina,PBC,Corporate,True,True
1200011209,Beverages,Aquafina,PBC,Corporate,True,True
1200011210,Beverages,Aquafina,PBC,Corporate,True,True
1200011211,Beverages,Aquafina,PBC,Corporate,True,True
1200050404,Beverages,Aquafina,PBC,Corporate,True,True
1200000317,Beverages,Aquafina,PBC,Corporate,True,True
1200000875,Beverages,Aquafina,PBC,Corporate,True,True
1200001420,Beverages,Aquafina,PBC,Corporate,True,True
1200000157,Beverages,Aquafina,PBC,Corporate,True,True
1200000159,Beverages,Aquafina,PBC,Corporate,True,True
3000005070,Quaker,Aunt Jemima,Quaker,Corporate,True,True
3000005300,Quaker,Aunt Jemima,Quaker,Corporate,True,True
3000005040,Quaker,Aunt Jemima,Quaker,Corporate,True,True
3000005150,Quaker,Aunt Jemima,Quaker,Corporate,True,True
3000008940,Quaker,Aunt Jemima,Quaker,Corporate,True,True
3000005950,Quaker,Aunt Jemima,Quaker,Corporate,True,True
3000005620,Quaker,Aunt Jemima,Quaker,Corporate,True,True
3000005940,Quaker,Aunt Jemima,Quaker,Corporate,True,True
3000005800,Quaker,Aunt Jemima,Quaker,Corporate,True,True
3000005970,Quaker,Aunt Jemima,Quaker,Corporate,True,True
3000005960,Quaker,Aunt Jemima,Quaker,Corporate,True,True
28400639538,FLNA,Cheetos,FLNA,Corporate,True,
28400097673,FLNA,Doritos,FLNA,Corporate,True,
28400654609,FLNA,Nuts & Seeds,FLNA,Corporate,True,
52000131109,Beverages,Gatorade,Gatorade,Corporate,True,
28400420617,FLNA,Lay's,FLNA,Corporate,True,
12000202377,Beverages,Brisk,PBC,JV,True,
28400601252,FLNA,Matador,FLNA,Corporate,True,
12000000850,Beverages,Mountain Dew,PBC,Corporate,True,
108100207,Beverages,Starbucks,PBC,JV,True,
9181028400,FLNA,Sunchips,FLNA,Corporate,True,
2840024398,FLNA,Lay's,FLNA,Corporate,True,
2840024425,FLNA,Lay's,FLNA,Corporate,True,
2840025203,FLNA,Simply,FLNA,Corporate,True,
3000056616,Quaker,IQO,Quaker,Corporate,True,
3000056844,Quaker,Quaker,Quaker,Corporate,True,
3000056799,Quaker,IQO,Quaker,Corporate,True,
2840092361,FLNA,Lay's,FLNA,Corporate,True,
3000056800,Quaker,IQO,Quaker,Corporate,True,
2840022507,FLNA,OTEP,FLNA,Corporate,True,
3000056759,Quaker,Quaker,Quaker,Corporate,True,
5200004367,Beverages,Propel,Gatorade,Corporate,True,
777975470359,Beverages,Gatorade,Gatorade,Corporate,True,
85999700000,Hive,Health Warrior,Hive Foods,Corporate,True,
85268400000,Hive,Health Warrior,Hive Foods,Corporate,True,
85999700725,Hive,Health Warrior,Hive Foods,Corporate,True,
28400045445,FLNA,Doritos,FLNA,Corporate,True,
028400147927,FLNA,Lay's,FLNA,Corporate,True,
028400676588,FLNA,FL VP/MP,FLNA,Corporate,True,
4577200284,FLNA,Smartfood,FLNA,Corporate,True,
960289680,Quaker,Quaker,Quaker,Corporate,True,
960226270,Beverages,Tropicana,Tropicana,Corporate,True,
3609391013,Beverages,Kevita,NEB,Corporate,True,
5200004346,Beverages,Gatorade,Gatorade,Corporate,True,
1200018146,Beverages,Starbucks,PBC,JV,True,
5200004328,Beverages,Gatorade,Gatorade,Corporate,True,
85268400391,Hive,Health Warrior,Hive Foods,Corporate,True,
1200018142,Beverages,Starbucks,PBC,JV,True,
1200017129,Beverages,Bubly,PBC,Corporate,True,
2840020646,FLNA,OTEP,FLNA,Corporate,True,
40822344883,FLNA,Sabra,FLNA,JV,True,
12000181610,Beverages,Pure Leaf,PBC,JV,True,
3000001939,Quaker,Quaker,Quaker,Corporate,True,
28400228794,FLNA,FL VP/MP,FLNA,Corporate,True,
12000181641,Beverages,Pure Leaf,PBC,JV,True,
85999700726,Hive,Health Warrior,Hive Foods,Corporate,True,
12000181788,Beverages,Pure Leaf,PBC,JV,True,
81809400537,Beverages,Rockstar,PBC,JV,True,
2105405200,Beverages,Gatorade,Gatorade,Corporate,True,
2101305200,Beverages,Gatorade,Gatorade,Corporate,True,
960488982,Quaker,Quaker,Quaker,Corporate,True,
028400059381,FLNA,OTEP,FLNA,Corporate,True,
5200004117,Beverages,Gatorade,Gatorade,Corporate,True,
1200011246,Beverages,Caleb's Kola,PBC,Corporate,True,True
7800000119,Beverages,Canada Dry,PBC,Allied,False,False
7800014645,Beverages,Canada Dry,PBC,Allied,False,False
7800015616,Beverages,Canada Dry,PBC,Allied,False,False
7800015646,Beverages,Canada Dry,PBC,Allied,False,False
7800014146,Beverages,Canada Dry,PBC,Allied,False,False
7800015216,Beverages,Canada Dry,PBC,Allied,False,False
7800000168,Beverages,Canada Dry,PBC,Allied,False,False
7800000117,Beverages,Canada Dry,PBC,Allied,False,False
7800015288,Beverages,Canada Dry,PBC,Allied,False,False
7800015245,Beverages,Canada Dry,PBC,Allied,False,False
7800015246,Beverages,Canada Dry,PBC,Allied,False,False
7800014816,Beverages,Canada Dry,PBC,Allied,False,False
7800014842,Beverages,Canada Dry,PBC,Allied,False,False
7800014846,Beverages,Canada Dry,PBC,Allied,False,False
7800016816,Beverages,Canada Dry,PBC,Allied,False,False
7800016846,Beverages,Canada Dry,PBC,Allied,False,False
7800000123,Beverages,Canada Dry,PBC,Allied,False,False
7800015345,Beverages,Canada Dry,PBC,Allied,False,False
7800014945,Beverages,Canada Dry,PBC,Allied,False,False
0,FLNA,Grandmas,FLNA,Corporate,False,False
2840007193,FLNA,Baked,FLNA,Corporate,True,True
2840018390,FLNA,Baked,FLNA,Corporate,True,True
2840015782,FLNA,Cheetos,FLNA,Corporate,True,True
2840004024,FLNA,Cheetos,FLNA,Corporate,True,True
2840003913,FLNA,Cheetos,FLNA,Corporate,True,True
2840008399,FLNA,Cheetos,FLNA,Corporate,True,True
2840015750,FLNA,Cheetos,FLNA,Corporate,True,True
2840023981,FLNA,Cheetos,FLNA,Corporate,True,True
2840003916,FLNA,Cheetos,FLNA,Corporate,True,True
2840015784,FLNA,Cheetos,FLNA,Corporate,True,True
2840023985,FLNA,Cheetos,FLNA,Corporate,True,True
2840005881,FLNA,Cheetos,FLNA,Corporate,True,True
2840008315,FLNA,Cheetos,FLNA,Corporate,True,True
2840015282,FLNA,Cheetos,FLNA,Corporate,True,True
2840033729,FLNA,Cheetos,FLNA,Corporate,True,True
2840005661,FLNA,Cheetos,FLNA,Corporate,True,True
2840014982,FLNA,Cheetos,FLNA,Corporate,True,True
2840024012,FLNA,Cheetos,FLNA,Corporate,True,True
2840003919,FLNA,Cheetos,FLNA,Corporate,True,True
2840008394,FLNA,Cheetos,FLNA,Corporate,True,True
2840015747,FLNA,Cheetos,FLNA,Corporate,True,True
2840023987,FLNA,Cheetos,FLNA,Corporate,True,True
2840020743,FLNA,Cheetos,FLNA,Corporate,True,True
2840015818,FLNA,Cheetos,FLNA,Corporate,True,True
2840007165,FLNA,Simply,FLNA,Corporate,True,True
2840000228,FLNA,Chesters,FLNA,Corporate,True,True
89501300204,FLNA,Rold Gold,FLNA,Corporate,False,False
89501300202,FLNA,Rold Gold,FLNA,Corporate,False,False
89501300201,FLNA,Rold Gold,FLNA,Corporate,False,False
89501300203,FLNA,Rold Gold,FLNA,Corporate,False,False
1820799005,Beverages,SoBe,PBC,Corporate,False,False
1820799002,Beverages,SoBe,PBC,Corporate,False,False
0,FLNA,Grandmas,FLNA,Corporate,False,False
4141939866,Beverages,Izze,NEB,Corporate,False,False
4141978047,Beverages,Izze,NEB,Corporate,False,False
3000002913,FLNA,Cracker Jack,FLNA,Corporate,True,True
7800001345,Beverages,Crush,PBC,Allied,True,True
7800001356,Beverages,Crush,PBC,Allied,True,True
4171011351,Beverages,Crush,PBC,Allied,True,True
7800001305,Beverages,Crush,PBC,Allied,True,True
7800001309,Beverages,Crush,PBC,Allied,True,True
7800001325,Beverages,Crush,PBC,Allied,True,True
4171011288,Beverages,Crush,PBC,Allied,True,True
7800001336,Beverages,Crush,PBC,Allied,True,True
7800001328,Beverages,Crush,PBC,Allied,True,True
4171019288,Beverages,Crush,PBC,Allied,True,True
7800001397,Beverages,Crush,PBC,Allied,True,True
4171019350,Beverages,Crush,PBC,Allied,True,True
7800001389,Beverages,Crush,PBC,Allied,True,True
7800006316,Beverages,Dr Pepper,PBC,Allied,False,False
4850020887,Beverages,Dole,Tropicana,Corporate,True,True
4850002112,Beverages,Dole,Tropicana,Corporate,True,True
4850005012,Beverages,Dole,Tropicana,Corporate,True,True
4850025012,Beverages,Dole,Tropicana,Corporate,True,True
4850002115,Beverages,Dole,Tropicana,Corporate,True,True
4850002114,Beverages,Dole,Tropicana,Corporate,True,True
4850005001,Beverages,Dole,Tropicana,Corporate,True,True
4850002111,Beverages,Dole,Tropicana,Corporate,True,True
3890000947,Beverages,Dole,Tropicana,Corporate,False,True
4850002113,Beverages,Dole,Tropicana,Corporate,True,True
3890000940,Beverages,Dole,Tropicana,Corporate,True,True
7120200400,Beverages,Dole,Tropicana,Corporate,False,False
7120200500,Beverages,Dole,Tropicana,Corporate,False,False
7120200600,Beverages,Dole,Tropicana,Corporate,False,False
7120200805,Beverages,Dole,Tropicana,Corporate,False,False
3890000818,Beverages,Dole,Tropicana,Corporate,False,True
2840007190,FLNA,Baked,FLNA,Corporate,True,True
2840018393,FLNA,Baked,FLNA,Corporate,True,True
2840014992,FLNA,Doritos,FLNA,Corporate,True,True
2840015693,FLNA,Doritos,FLNA,Corporate,True,True
2840001775,FLNA,Doritos,FLNA,Corporate,True,True
2840005663,FLNA,Doritos,FLNA,Corporate,True,True
2840003854,FLNA,Doritos,FLNA,Corporate,True,True
2840008339,FLNA,Doritos,FLNA,Corporate,True,True
2840015607,FLNA,Doritos,FLNA,Corporate,True,True
2840033575,FLNA,Doritos,FLNA,Corporate,True,True
2840008297,FLNA,Doritos,FLNA,Corporate,True,True
2840015298,FLNA,Doritos,FLNA,Corporate,True,True
2840033730,FLNA,Doritos,FLNA,Corporate,True,True
2840003875,FLNA,Doritos,FLNA,Corporate,True,True
2840008342,FLNA,Doritos,FLNA,Corporate,True,True
2840015636,FLNA,Doritos,FLNA,Corporate,True,True
2840033579,FLNA,Doritos,FLNA,Corporate,True,True
2840007055,FLNA,Doritos,FLNA,Corporate,True,True
2840008298,FLNA,Doritos,FLNA,Corporate,True,True
2840015297,FLNA,Doritos,FLNA,Corporate,True,True
2840034367,FLNA,Doritos,FLNA,Corporate,True,True
2840003877,FLNA,Doritos,FLNA,Corporate,True,True
2840015637,FLNA,Doritos,FLNA,Corporate,True,True
2840033580,FLNA,Doritos,FLNA,Corporate,True,True
2840015296,FLNA,Doritos,FLNA,Corporate,True,True
2840034368,FLNA,Doritos,FLNA,Corporate,True,True
2840003895,FLNA,Doritos,FLNA,Corporate,True,True
2840015692,FLNA,Doritos,FLNA,Corporate,True,True
2840033727,FLNA,Doritos,FLNA,Corporate,True,True
5490003007,Beverages,Dr Pepper,PBC,Allied,True,True
7800008216,Beverages,Dr Pepper,PBC,Allied,True,True
7800008209,Beverages,Dr Pepper,PBC,Allied,True,True
5490003019,Beverages,Dr Pepper,PBC,Allied,True,True
7800008210,Beverages,Dr Pepper,PBC,Allied,True,True
7800000386,Beverages,Dr Pepper,PBC,Allied,True,True
7800008261,Beverages,Dr Pepper,PBC,Allied,True,True
7800000971,Beverages,Dr Pepper,PBC,Allied,True,True
7800008239,Beverages,Dr Pepper,PBC,Allied,True,True
7800008246,Beverages,Dr Pepper,PBC,Allied,True,True
7800008240,Beverages,Dr Pepper,PBC,Allied,True,True
7800008516,Beverages,Diet Dr Pepper,PBC,Allied,True,True
7800009816,Beverages,Dr Pepper,PBC,Allied,True,True
7800009846,Beverages,Dr Pepper,PBC,Allied,True,True
7800009916,Beverages,Dr Pepper,PBC,Allied,True,True
7800009946,Beverages,Dr Pepper,PBC,Allied,True,True
7800008316,Beverages,Diet Dr Pepper,PBC,Allied,True,False
7800008310,Beverages,Dr Pepper,PBC,Allied,True,True
7800000338,Beverages,Dr Pepper,PBC,Allied,True,True
7800000388,Beverages,Diet Dr Pepper,PBC,Allied,True,True
7800008361,Beverages,Dr Pepper,PBC,Allied,True,True
7800000972,Beverages,Dr Pepper,PBC,Allied,True,True
7800001101,Beverages,Dr Pepper,PBC,Allied,True,True
7800008363,Beverages,Dr Pepper,PBC,Allied,True,True
7800008346,Beverages,Diet Dr Pepper,PBC,Allied,True,True
7800008546,Beverages,Dr Pepper,PBC,Allied,True,True
7800010316,Beverages,Dr Pepper,PBC,Allied,True,True
7800010346,Beverages,Dr Pepper,PBC,Allied,True,True
2840005064,FLNA,Baked,FLNA,Corporate,True,True
2840008718,FLNA,Baked,FLNA,Corporate,True,True
2840026499,FLNA,Baked,FLNA,Corporate,True,True
2840021075,FLNA,FL VP/MP,FLNA,Corporate,True,True
2840007848,FLNA,Nuts & Seeds,FLNA,Corporate,True,True
2840000026,FLNA,Dips,FLNA,Corporate,True,True
2840023824,FLNA,FL VP/MP,FLNA,Corporate,True,True
2840004176,FLNA,Munchies,FLNA,Corporate,True,True
2840002926,FLNA,Munchies,FLNA,Corporate,True,True
2840002925,FLNA,Munchies,FLNA,Corporate,True,True
2840002927,FLNA,Munchies,FLNA,Corporate,True,True
2840008404,FLNA,Munchies,FLNA,Corporate,True,True
2840015474,FLNA,Munchies,FLNA,Corporate,True,True
2840008406,FLNA,Munchies,FLNA,Corporate,True,True
2840000227,FLNA,Munchos,FLNA,Corporate,True,True
2840019079,FLNA,Munchos,FLNA,Corporate,True,True
2840000288,FLNA,FL VP/MP,FLNA,Corporate,True,True
2840008391,FLNA,FL VP/MP,FLNA,Corporate,True,True
2840004404,FLNA,FL VP/MP,FLNA,Corporate,True,True
2840000289,FLNA,FL VP/MP,FLNA,Corporate,True,True
2840008392,FLNA,FL VP/MP,FLNA,Corporate,True,True
2840000308,FLNA,FL VP/MP,FLNA,Corporate,True,True
2840057605,FLNA,FL VP/MP,FLNA,Corporate,True,True
2840005804,FLNA,FL VP/MP,FLNA,Corporate,True,True
2840000303,FLNA,FL VP/MP,FLNA,Corporate,True,True
2840057628,FLNA,FL VP/MP,FLNA,Corporate,True,True
2840000022,FLNA,Fritos,FLNA,Corporate,True,True
2840003925,FLNA,Fritos,FLNA,Corporate,True,True
2840015506,FLNA,Fritos,FLNA,Corporate,True,True
2840024054,FLNA,Fritos,FLNA,Corporate,True,True
2840003923,FLNA,Fritos,FLNA,Corporate,True,True
2840015601,FLNA,Fritos,FLNA,Corporate,True,True
2840024052,FLNA,Fritos,FLNA,Corporate,True,True
2840015602,FLNA,Fritos,FLNA,Corporate,True,True
2840024043,FLNA,Fritos,FLNA,Corporate,True,True
2840003901,FLNA,Fritos,FLNA,Corporate,True,True
2840003924,FLNA,Fritos,FLNA,Corporate,True,True
2840008411,FLNA,Fritos,FLNA,Corporate,True,True
2840015600,FLNA,Fritos,FLNA,Corporate,True,True
2840024053,FLNA,Fritos,FLNA,Corporate,True,True
2840005660,FLNA,Fritos,FLNA,Corporate,True,True
2840000078,FLNA,Dips,FLNA,Corporate,True,True
2840000024,FLNA,Dips,FLNA,Corporate,True,True
2840003902,FLNA,Fritos,FLNA,Corporate,True,True
2840003930,FLNA,Fritos,FLNA,Corporate,True,True
2840015475,FLNA,Fritos,FLNA,Corporate,True,True
2840024062,FLNA,Fritos,FLNA,Corporate,True,True
2840005867,FLNA,Fritos,FLNA,Corporate,True,True
2840015473,FLNA,Fritos,FLNA,Corporate,True,True
2840033728,FLNA,Fritos,FLNA,Corporate,True,True
2840005880,FLNA,Funyuns,FLNA,Corporate,True,True
2840008295,FLNA,Funyuns,FLNA,Corporate,True,True
2840024018,FLNA,Funyuns,FLNA,Corporate,True,True
2840023431,FLNA,Funyuns,FLNA,Corporate,True,True
5200032256,Beverages,Gatorade,Gatorade,Corporate,True,True
5200013151,Beverages,Gatorade,Gatorade,Corporate,True,True
5200013152,Beverages,Gatorade,Gatorade,Corporate,True,True
5200010240,Beverages,Gatorade,Gatorade,Corporate,True,True
5200032434,Beverages,Gatorade,Gatorade,Corporate,True,True
5200013285,Beverages,Gatorade,Gatorade,Corporate,True,True
5200020844,Beverages,Gatorade,Gatorade,Corporate,True,True
5200032555,Beverages,Gatorade,Gatorade,Corporate,True,True
5200010412,Beverages,Gatorade,Gatorade,Corporate,True,True
5200020811,Beverages,Gatorade,Gatorade,Corporate,True,True
5200020842,Beverages,Gatorade,Gatorade,Corporate,True,True
5200032673,Beverages,Gatorade,Gatorade,Corporate,True,True
5200010310,Beverages,Gatorade,Gatorade,Corporate,True,True
5200010245,Beverages,Gatorade,Gatorade,Corporate,True,True
5200033652,Beverages,Gatorade,Gatorade,Corporate,True,True
5200032016,Beverages,Gatorade,Gatorade,Corporate,True,True
5200033582,Beverages,Gatorade,Gatorade,Corporate,True,True
5200020808,Beverages,Gatorade,Gatorade,Corporate,True,True
5200032212,Beverages,Gatorade,Gatorade,Corporate,True,True
5200020809,Beverages,Gatorade,Gatorade,Corporate,True,True
5200032012,Beverages,Gatorade,Gatorade,Corporate,True,True
5200032213,Beverages,Gatorade,Gatorade,Corporate,True,True
5200012936,Beverages,Gatorade,Gatorade,Corporate,True,True
5200020806,Beverages,Gatorade,Gatorade,Corporate,True,True
5200033875,Beverages,Gatorade,Gatorade,Corporate,True,True
5200033830,Beverages,Gatorade,Gatorade,Corporate,True,True
5200012107,Beverages,Gatorade,Gatorade,Corporate,True,True
5200012174,Beverages,Gatorade,Gatorade,Corporate,True,True
5200003962,Beverages,Gatorade,Gatorade,Corporate,True,True
5200012934,Beverages,Gatorade,Gatorade,Corporate,True,True
5200020805,Beverages,Gatorade,Gatorade,Corporate,True,True
5200033776,Beverages,Gatorade,Gatorade,Corporate,True,True
5200033877,Beverages,Gatorade,Gatorade,Corporate,True,True
5200033832,Beverages,Gatorade,Gatorade,Corporate,True,True
5200032180,Beverages,Gatorade,Gatorade,Corporate,True,True
5200012935,Beverages,Gatorade,Gatorade,Corporate,True,True
5200020807,Beverages,Gatorade,Gatorade,Corporate,True,True
5200003940,Beverages,Gatorade,Gatorade,Corporate,True,True
5200033876,Beverages,Gatorade,Gatorade,Corporate,True,True
5200033831,Beverages,Gatorade,Gatorade,Corporate,True,True
5200012125,Beverages,Gatorade,Gatorade,Corporate,True,True
5200004003,Beverages,Gatorade,Gatorade,Corporate,True,True
5200013448,Beverages,Gatorade,Gatorade,Corporate,True,True
5200013446,Beverages,Gatorade,Gatorade,Corporate,True,True
5200013447,Beverages,Gatorade,Gatorade,Corporate,True,True
5200004004,Beverages,Gatorade,Gatorade,Corporate,True,True
5200032431,Beverages,Gatorade,Gatorade,Corporate,True,True
5200050111,Beverages,Gatorade,Gatorade,Corporate,True,True
5200010425,Beverages,Gatorade,Gatorade,Corporate,True,True
5200013456,Beverages,Gatorade,Gatorade,Corporate,True,True
5200013331,Beverages,Gatorade,Gatorade,Corporate,True,True
5200020162,Beverages,Gatorade,Gatorade,Corporate,True,True
5200012324,Beverages,Gatorade,Gatorade,Corporate,True,True
5200010239,Beverages,Gatorade,Gatorade,Corporate,True,True
5200020972,Beverages,Gatorade,Gatorade,Corporate,True,True
5200020870,Beverages,Gatorade,Gatorade,Corporate,True,True
5200032198,Beverages,Gatorade,Gatorade,Corporate,True,True
5200064000,Beverages,Gatorade,Gatorade,Corporate,True,True
5200012006,Beverages,Gatorade,Gatorade,Corporate,True,True
5200020021,Beverages,Gatorade,Gatorade,Corporate,True,True
5200032015,Beverages,Gatorade,Gatorade,Corporate,True,True
5200012161,Beverages,Gatorade,Gatorade,Corporate,True,True
5200020871,Beverages,Gatorade,Gatorade,Corporate,True,True
5200032199,Beverages,Gatorade,Gatorade,Corporate,True,True
5200020968,Beverages,Gatorade,Gatorade,Corporate,True,True
5200032251,Beverages,Gatorade,Gatorade,Corporate,True,True
5200020872,Beverages,Gatorade,Gatorade,Corporate,True,True
5200020407,Beverages,Gatorade,Gatorade,Corporate,True,True
5200032217,Beverages,Gatorade,Gatorade,Corporate,True,True
5200013455,Beverages,Gatorade,Gatorade,Corporate,True,True
5200013329,Beverages,Gatorade,Gatorade,Corporate,True,True
5200013124,Beverages,Gatorade,Gatorade,Corporate,True,True
5200010109,Beverages,Gatorade,Gatorade,Corporate,True,True
5200010389,Beverages,Gatorade,Gatorade,Corporate,True,True
5200010388,Beverages,Gatorade,Gatorade,Corporate,True,True
5200010110,Beverages,Gatorade,Gatorade,Corporate,True,True
5200010406,Beverages,Gatorade,Gatorade,Corporate,True,True
5200010296,Beverages,Gatorade,Gatorade,Corporate,True,True
1600044307,Beverages,Ocean Spray,PBC,JV,False,True
68826704479,Quaker,Pasta Roni,Quaker,Corporate,False,False
68826704321,Quaker,Pasta Roni,Quaker,Corporate,False,False
68826707196,Quaker,Pasta Roni,Quaker,Corporate,False,False
68826707194,Quaker,Pasta Roni,Quaker,Corporate,False,False
68826727192,Quaker,Pasta Roni,Quaker,Corporate,False,False
68826764123,Quaker,Pasta Roni,Quaker,Corporate,False,False
68826764122,Quaker,Pasta Roni,Quaker,Corporate,False,False
68826764113,Quaker,Pasta Roni,Quaker,Corporate,False,False
68826764120,Quaker,Pasta Roni,Quaker,Corporate,False,False
68826764121,Quaker,Pasta Roni,Quaker,Corporate,False,False
68826764118,Quaker,Pasta Roni,Quaker,Corporate,False,False
74674200102,Beverages,SoBe,PBC,Corporate,False,False
74674200103,Beverages,SoBe,PBC,Corporate,False,False
68826713073,Beverages,SoBe,PBC,Corporate,False,False
68826713072,Beverages,SoBe,PBC,Corporate,False,False
68826713069,Beverages,SoBe,PBC,Corporate,False,False
89076300008,Beverages,SoBe,PBC,Corporate,False,False
7800004052,Beverages,Dr Pepper,PBC,Allied,False,False
7800000408,Beverages,Hawaiian Punch,PBC,HT,False,False
7151800033,Quaker,Pasta Roni,Quaker,Corporate,False,False
7151800018,Quaker,Pasta Roni,Quaker,Corporate,False,False
7151800017,Quaker,Pasta Roni,Quaker,Corporate,False,False
7151800039,Quaker,Pasta Roni,Quaker,Corporate,False,False
7151800054,Quaker,Pasta Roni,Quaker,Corporate,False,False
7151800019,Quaker,Pasta Roni,Quaker,Corporate,False,False
7151800016,Quaker,Pasta Roni,Quaker,Corporate,False,False
7151800051,Quaker,Pasta Roni,Quaker,Corporate,False,False
83609301102,Beverages,Izze,NEB,Corporate,True,True
83609301105,Beverages,Izze,NEB,Corporate,True,True
83609300207,Beverages,Izze,NEB,Corporate,True,True
83609300202,Beverages,Izze,NEB,Corporate,True,True
83609300205,Beverages,Izze,NEB,Corporate,True,True
83609300204,Beverages,Izze,NEB,Corporate,True,True
83609300210,Beverages,Izze,NEB,Corporate,True,True
83609300208,Beverages,Izze,NEB,Corporate,True,True
1862749121,FLNA,Stacy's,FLNA,Corporate,False,False
3800080661,Beverages,7 Up,PBC,Allied,False,False
3800094090,Beverages,7 Up,PBC,Allied,False,False
3800080681,Beverages,7 Up,PBC,Allied,False,False
2100003217,Quaker,Pasta Roni,Quaker,Corporate,False,False
7885852110,Quaker,Quaker,Quaker,Corporate,True,False
2840019107,FLNA,Lay's Air Pops,FLNA,Corporate,True,True
2840019106,FLNA,Lay's Air Pops,FLNA,Corporate,True,True
2840019110,FLNA,Lay's Air Pops,FLNA,Corporate,True,True
2840007167,FLNA,Baked,FLNA,Corporate,True,True
2840018383,FLNA,Baked,FLNA,Corporate,True,True
2840006753,FLNA,Baked,FLNA,Corporate,True,True
2840007166,FLNA,Baked,FLNA,Corporate,True,True
2840018382,FLNA,Baked,FLNA,Corporate,True,True
2840007179,FLNA,Baked,FLNA,Corporate,True,True
2840003362,FLNA,Lay's,FLNA,Corporate,True,True
2840007094,FLNA,Dips,FLNA,Corporate,True,True
2840007095,FLNA,Dips,FLNA,Corporate,True,True
2840001387,FLNA,Lay's Kettle Cooked,FLNA,Corporate,True,True
2840008290,FLNA,Lay's Kettle Cooked,FLNA,Corporate,True,True
2840037185,FLNA,Lay's Kettle Cooked,FLNA,Corporate,True,True
2840008293,FLNA,Lay's Kettle Cooked,FLNA,Corporate,True,True
2840037218,FLNA,Lay's Kettle Cooked,FLNA,Corporate,True,True
2840008294,FLNA,Lay's Kettle Cooked,FLNA,Corporate,True,True
2840037219,FLNA,Lay's Kettle Cooked,FLNA,Corporate,True,True
2840007735,FLNA,Lay's Kettle Cooked,FLNA,Corporate,True,True
2840037298,FLNA,Lay's Kettle Cooked,FLNA,Corporate,True,True
2840001388,FLNA,Lay's Kettle Cooked,FLNA,Corporate,True,True
2840008446,FLNA,Lay's Kettle Cooked,FLNA,Corporate,True,True
2840037297,FLNA,Lay's Kettle Cooked,FLNA,Corporate,True,True
2840008292,FLNA,Lay's Kettle Cooked,FLNA,Corporate,True,True
2840037216,FLNA,Lay's Kettle Cooked,FLNA,Corporate,True,True
2840023304,FLNA,Lay's Kettle Cooked,FLNA,Corporate,True,True
2840044043,FLNA,Lay's Kettle Cooked,FLNA,Corporate,True,True
2840005179,FLNA,Lay's,FLNA,Corporate,True,True
2840018734,FLNA,FL VP/MP,FLNA,Corporate,True,True
2840003418,FLNA,Lay's,FLNA,Corporate,True,True
2840008320,FLNA,Lay's,FLNA,Corporate,True,True
2840016013,FLNA,Lay's,FLNA,Corporate,True,True
2840019961,FLNA,Lay's,FLNA,Corporate,True,True
2840042171,FLNA,Lay's,FLNA,Corporate,True,True
2840016472,FLNA,Lay's,FLNA,Corporate,True,True
2840042178,FLNA,Lay's,FLNA,Corporate,True,True
2840003419,FLNA,Lay's,FLNA,Corporate,True,True
2840016016,FLNA,Lay's,FLNA,Corporate,True,True
2840019998,FLNA,Lay's,FLNA,Corporate,True,True
2840015010,FLNA,Lay's,FLNA,Corporate,True,True
2840021208,FLNA,Lay's,FLNA,Corporate,True,True
2840015021,FLNA,Lay's,FLNA,Corporate,True,True
2840007858,FLNA,Lay's,FLNA,Corporate,True,True
2840005704,FLNA,Lay's,FLNA,Corporate,True,True
2840003345,FLNA,Lay's,FLNA,Corporate,True,True
2840007293,FLNA,Lay's,FLNA,Corporate,True,True
2840008321,FLNA,Lay's,FLNA,Corporate,True,True
2840016014,FLNA,Lay's,FLNA,Corporate,True,True
2840019914,FLNA,Lay's,FLNA,Corporate,True,True
2840042158,FLNA,Lay's,FLNA,Corporate,True,True
2840000944,FLNA,Lay's,FLNA,Corporate,True,True
2840003399,FLNA,Lay's,FLNA,Corporate,True,True
2840016473,FLNA,Lay's,FLNA,Corporate,True,True
2840042177,FLNA,Lay's,FLNA,Corporate,True,True
2840004098,FLNA,Lay's,FLNA,Corporate,True,True
2840004393,FLNA,Lay's,FLNA,Corporate,True,True
2840005658,FLNA,Lay's,FLNA,Corporate,True,True
2840016028,FLNA,Lay's,FLNA,Corporate,True,True
2840020128,FLNA,Lay's,FLNA,Corporate,True,True
2840021028,FLNA,Lay's,FLNA,Corporate,True,True
2840003367,FLNA,Lay's,FLNA,Corporate,True,True
2840016088,FLNA,Lay's,FLNA,Corporate,True,True
2840020087,FLNA,Lay's,FLNA,Corporate,True,True
2840003416,FLNA,Lay's,FLNA,Corporate,True,True
2840016053,FLNA,Lay's,FLNA,Corporate,True,True
2840020068,FLNA,Lay's,FLNA,Corporate,True,True
2840003374,FLNA,Lay's,FLNA,Corporate,True,True
2840008335,FLNA,Lay's,FLNA,Corporate,True,True
2840016019,FLNA,Lay's,FLNA,Corporate,True,True
2840020059,FLNA,Lay's,FLNA,Corporate,True,True
2840042176,FLNA,Lay's,FLNA,Corporate,True,True
2840003425,FLNA,Lay's,FLNA,Corporate,True,True
2840016018,FLNA,Lay's,FLNA,Corporate,True,True
2840020060,FLNA,Lay's,FLNA,Corporate,True,True
81587101000,FLNA,Lay's,FLNA,Corporate,True,True
2840003420,FLNA,Lay's,FLNA,Corporate,True,True
2840008323,FLNA,Lay's,FLNA,Corporate,True,True
2840016015,FLNA,Lay's,FLNA,Corporate,True,True
2840019963,FLNA,Lay's,FLNA,Corporate,True,True
2840042172,FLNA,Lay's,FLNA,Corporate,True,True
2840016495,FLNA,Lay's,FLNA,Corporate,True,True
2840042179,FLNA,Lay's,FLNA,Corporate,True,True
2840015016,FLNA,Lay's,FLNA,Corporate,True,True
2840000826,FLNA,Lay's,FLNA,Corporate,True,True
2840016067,FLNA,Lay's,FLNA,Corporate,True,True
2840020061,FLNA,Lay's,FLNA,Corporate,True,True
2840016012,FLNA,Lay's,FLNA,Corporate,True,True
2840042311,FLNA,Lay's,FLNA,Corporate,True,True
2840003346,FLNA,Lay's,FLNA,Corporate,True,True
2840007347,FLNA,Lay's,FLNA,Corporate,True,True
2840008330,FLNA,Lay's,FLNA,Corporate,True,True
2840016020,FLNA,Lay's,FLNA,Corporate,True,True
2840019954,FLNA,Lay's,FLNA,Corporate,True,True
2840016494,FLNA,Lay's,FLNA,Corporate,True,True
2840042173,FLNA,Lay's,FLNA,Corporate,True,True
2840042210,FLNA,Lay's,FLNA,Corporate,True,True
2840014996,FLNA,Lay's,FLNA,Corporate,True,True
2840042463,FLNA,Lay's,FLNA,Corporate,True,True
1707711108,Quaker,Quaker,Quaker,Corporate,False,False
1707711008,Quaker,Quaker,Quaker,Corporate,False,False
1200063840,Beverages,Brisk,PBC,JV,True,True
1200020705,Beverages,Brisk,PBC,JV,True,True
1200020703,Beverages,Brisk,PBC,JV,True,True
1200081009,Beverages,Brisk,PBC,JV,True,True
1200020237,Beverages,Brisk,PBC,JV,True,True
1200081010,Beverages,Diet Lipton,PBC,JV,True,True
1200010191,Beverages,Brisk,PBC,JV,True,True
1200081015,Beverages,Brisk,PBC,JV,True,True
1200003190,Beverages,Brisk,PBC,JV,True,True
1200001276,Beverages,Lipton,PBC,JV,True,True
1200002453,Beverages,Lipton,PBC,JV,True,True
1200006145,Beverages,Lipton,PBC,JV,True,True
1200001279,Beverages,Diet Lipton,PBC,JV,True,True
1200002454,Beverages,Diet Lipton,PBC,JV,True,True
1200006146,Beverages,Diet Lipton,PBC,JV,True,True
1200038780,Beverages,Lipton,PBC,JV,True,True
1200001270,Beverages,Lipton,PBC,JV,True,True
1200001273,Beverages,Diet Lipton,PBC,JV,True,True
1200001711,Beverages,Diet Lipton,PBC,JV,True,True
4100000845,Beverages,Lipton,PBC,JV,False,False
4100000864,Beverages,Lipton,PBC,JV,True,False
4100041862,Beverages,Lipton,PBC,JV,False,False
1200003199,Beverages,Pure Leaf,PBC,JV,True,True
4100020810,Beverages,Lipton,PBC,JV,True,True
4100020821,Beverages,Lipton,PBC,JV,True,False
4100020779,Beverages,Lipton,PBC,JV,True,False
4100020822,Beverages,Lipton,PBC,JV,True,False
4100020820,Beverages,Lipton,PBC,JV,True,True
4100020825,Beverages,Lipton,PBC,JV,True,True
5010000065,Quaker,Pasta Roni,Quaker,Corporate,False,False
5010000067,Quaker,Pasta Roni,Quaker,Corporate,False,False
5010000066,Quaker,Pasta Roni,Quaker,Corporate,False,False
3304900023,FLNA,Lay's Kettle Cooked,FLNA,Corporate,False,False
85323700300,Quaker,Pasta Roni,Quaker,Corporate,False,False
85323700301,Quaker,Pasta Roni,Quaker,Corporate,False,False
3000020123,Quaker,Mother's,Quaker,Corporate,True,True
3000016801,Quaker,Mother's,Quaker,Corporate,True,True
1200003245,Beverages,Mountain Dew,PBC,Corporate,True,True
1200080996,Beverages,Mountain Dew,PBC,Corporate,True,True
1200010606,Beverages,Mountain Dew,PBC,Corporate,True,True
1200000088,Beverages,Mountain Dew,PBC,Corporate,True,True
1200050408,Beverages,Mountain Dew,PBC,Corporate,True,True
1200000849,Beverages,Mountain Dew,PBC,Corporate,True,True
1200001593,Beverages,Mountain Dew,PBC,Corporate,True,True
1200059159,Beverages,Mountain Dew,PBC,Corporate,True,True
1200080386,Beverages,Mountain Dew,PBC,Corporate,True,True
1200000233,Beverages,Mountain Dew,PBC,Corporate,True,True
1200000131,Beverages,Mountain Dew,PBC,Corporate,True,True
1200080998,Beverages,Mountain Dew,PBC,Corporate,True,True
1200010542,Beverages,Mountain Dew,PBC,Corporate,True,True
1200000224,Beverages,Mountain Dew,PBC,Corporate,True,True
1200081011,Beverages,Diet Mountain Dew,PBC,Corporate,True,True
1200000169,Beverages,Diet Mountain Dew,PBC,Corporate,True,True
1200080997,Beverages,Diet Mountain Dew,PBC,Corporate,True,True
1200000170,Beverages,Diet Mountain Dew,PBC,Corporate,True,True
1200010735,Beverages,Diet Mountain Dew,PBC,Corporate,True,True
1200000902,Beverages,Diet Mountain Dew,PBC,Corporate,True,True
1200000746,Beverages,Diet Mountain Dew,PBC,Corporate,True,True
1200000134,Beverages,Diet Mountain Dew,PBC,Corporate,True,True
1200004300,Beverages,Mountain Dew Kickstart,PBC,Corporate,True,True
1200011046,Beverages,Mountain Dew Kickstart,PBC,Corporate,True,True
1200004301,Beverages,Mountain Dew Kickstart,PBC,Corporate,True,True
1200011044,Beverages,Mountain Dew Kickstart,PBC,Corporate,True,True
1200002865,Beverages,Mountain Dew,PBC,Corporate,True,True
1200003098,Beverages,Mountain Dew,PBC,Corporate,True,True
1200003428,Beverages,Mountain Dew,PBC,Corporate,True,True
1200011121,Beverages,Diet Mountain Dew,PBC,Corporate,True,True
2920000213,Quaker,Pasta Roni,Quaker,Corporate,False,False
2920000212,Quaker,Pasta Roni,Quaker,Corporate,False,False
1200000971,Beverages,Mug,PBC,Corporate,True,True
1200000994,Beverages,Diet Mug,PBC,Corporate,True,True
1200081000,Beverages,Mug,PBC,Corporate,True,True
1200000935,Beverages,Mug,PBC,Corporate,True,True
1200000910,Beverages,Mug,PBC,Corporate,True,True
1200081007,Beverages,Diet Mug,PBC,Corporate,True,True
1200000952,Beverages,Diet Mug,PBC,Corporate,True,True
3000000910,Quaker,Muller,Quaker,Corporate,True,True
3000000912,Quaker,Muller,Quaker,Corporate,True,True
3000000915,Quaker,Muller,Quaker,Corporate,True,True
3000000913,Quaker,Muller,Quaker,Corporate,True,True
3000000240,Quaker,Muller,Quaker,Corporate,True,True
3000000920,Quaker,Muller,Quaker,Corporate,True,True
3000000916,Quaker,Muller,Quaker,Corporate,True,True
3000000228,Quaker,Muller,Quaker,Corporate,True,True
3000000917,Quaker,Muller,Quaker,Corporate,True,True
3000000919,Quaker,Muller,Quaker,Corporate,True,True
3000000116,Quaker,Muller,Quaker,Corporate,True,True
3000000118,Quaker,Muller,Quaker,Corporate,True,True
3000000119,Quaker,Muller,Quaker,Corporate,True,True
3000000115,Quaker,Muller,Quaker,Corporate,True,True
87606300231,Beverages,Muscle Milk,PBC,Allied,True,True
18053000081,Beverages,Muscle Milk,PBC,Allied,True,True
87606300565,Beverages,Muscle Milk,PBC,Allied,True,True
87606300266,Beverages,Muscle Milk,PBC,Allied,True,True
87606300201,Beverages,Muscle Milk,PBC,Allied,True,True
66072650327,Beverages,Muscle Milk,PBC,Allied,True,True
87606300209,Beverages,Muscle Milk,PBC,Allied,True,True
18053000082,Beverages,Muscle Milk,PBC,Allied,True,True
87606300262,Beverages,Muscle Milk,PBC,Allied,True,True
8259263255,Beverages,Naked Juice,NEB,Corporate,True,True
8259263370,Beverages,Naked Juice,NEB,Corporate,True,True
8259263391,Beverages,Naked Juice,NEB,Corporate,True,True
8259263127,Beverages,Naked Juice,NEB,Corporate,True,True
8259273215,Beverages,Naked Juice,NEB,Corporate,True,True
8259201002,Beverages,Naked Juice,NEB,Corporate,True,True
8259298815,Beverages,Naked Juice,NEB,Corporate,True,True
8259272715,Beverages,Naked Juice,NEB,Corporate,True,True
8259272764,Beverages,Naked Juice,NEB,Corporate,True,True
8259272015,Beverages,Naked Juice,NEB,Corporate,True,True
8259272032,Beverages,Naked Juice,NEB,Corporate,True,True
8259272064,Beverages,Naked Juice,NEB,Corporate,True,True
8259263356,Beverages,Naked Juice,NEB,Corporate,True,True
8259263415,Beverages,Naked Juice,NEB,Corporate,True,True
8259263326,Beverages,Naked Juice,NEB,Corporate,True,True
8259266015,Beverages,Naked Juice,NEB,Corporate,True,True
8259266032,Beverages,Naked Juice,NEB,Corporate,True,True
8259292015,Beverages,Naked Juice,NEB,Corporate,True,True
8259201003,Beverages,Naked Juice,NEB,Corporate,True,True
8259263247,Beverages,Naked Juice,NEB,Corporate,True,True
8259291715,Beverages,Naked Juice,NEB,Corporate,True,True
8259263375,Beverages,Naked Juice,NEB,Corporate,True,True
8259263195,Beverages,Naked Juice,NEB,Corporate,True,True
8259263228,Beverages,Naked Juice,NEB,Corporate,True,True
8259272215,Beverages,Naked Juice,NEB,Corporate,True,True
8259272615,Beverages,Naked Juice,NEB,Corporate,True,True
8259219415,Beverages,Naked Juice,NEB,Corporate,True,True
7225100178,Quaker,Near East,Quaker,Corporate,True,True
7225100153,Quaker,Near East,Quaker,Corporate,True,True
7225100154,Quaker,Near East,Quaker,Corporate,True,True
7225100050,Quaker,Near East,Quaker,Corporate,True,True
7225100156,Quaker,Near East,Quaker,Corporate,True,True
7225100155,Quaker,Near East,Quaker,Corporate,True,True
7225100177,Quaker,Near East,Quaker,Corporate,True,True
7225100139,Quaker,Near East,Quaker,Corporate,True,True
7225100090,Quaker,Near East,Quaker,Corporate,True,True
7225100145,Quaker,Near East,Quaker,Corporate,True,True
7225100147,Quaker,Near East,Quaker,Corporate,True,True
7225100353,Quaker,Near East,Quaker,Corporate,True,True
7225100347,Quaker,Near East,Quaker,Corporate,True,True
7225102019,Quaker,Near East,Quaker,Corporate,True,True
7225102006,Quaker,Near East,Quaker,Corporate,True,True
7225102007,Quaker,Near East,Quaker,Corporate,True,True
7225102020,Quaker,Near East,Quaker,Corporate,True,True
7225100125,Quaker,Near East,Quaker,Corporate,True,True
7225100211,Quaker,Near East,Quaker,Corporate,True,True
7225100105,Quaker,Near East,Quaker,Corporate,True,True
7225100212,Quaker,Near East,Quaker,Corporate,True,True
7225100030,Quaker,Near East,Quaker,Corporate,True,True
7225100146,Quaker,Near East,Quaker,Corporate,True,True
7225100216,Quaker,Near East,Quaker,Corporate,True,True
7225100060,Quaker,Near East,Quaker,Corporate,True,True
7225105092,Quaker,Near East,Quaker,Corporate,True,True
7225153051,Quaker,Near East,Quaker,Corporate,True,True
7225153020,Quaker,Near East,Quaker,Corporate,True,True
7225153021,Quaker,Near East,Quaker,Corporate,True,True
7001178610,Beverages,ONE,PBC,Corporate,False,False
85565800201,Quaker,Pasta Roni,Quaker,Corporate,False,False
2840019082,FLNA,Nut Harvest,FLNA,Corporate,True,True
2840019081,FLNA,Nut Harvest,FLNA,Corporate,True,True
2840019099,FLNA,Nut Harvest,FLNA,Corporate,True,True
89499100110,Beverages,ONE,PBC,Corporate,True,True
3120002619,Beverages,Ocean Spray,PBC,JV,False,False
3120002618,Beverages,Ocean Spray,PBC,JV,False,False
3120033011,Beverages,Ocean Spray,PBC,JV,False,False
3120033013,Beverages,Ocean Spray,PBC,JV,False,False
3120033629,Beverages,Ocean Spray,PBC,JV,False,False
3120033012,Beverages,Ocean Spray,PBC,JV,False,False
3120036727,Beverages,Ocean Spray,PBC,JV,False,False
3120033016,Beverages,Ocean Spray,PBC,JV,False,False
3120020053,Beverages,Ocean Spray,PBC,JV,False,False
3120033014,Beverages,Ocean Spray,PBC,JV,False,False
3120036627,Beverages,Ocean Spray,PBC,JV,False,False
3120020311,Beverages,Ocean Spray,PBC,JV,False,False
3120028827,Beverages,Ocean Spray,PBC,JV,True,True
3120033006,Beverages,Ocean Spray,PBC,JV,False,False
3120002999,Beverages,Ocean Spray,PBC,JV,True,True
31200029997,Beverages,Ocean Spray,PBC,JV,True,True
3120027007,Beverages,Ocean Spray,PBC,JV,True,True
3120033005,Beverages,Ocean Spray,PBC,JV,False,False
3120020092,Beverages,Ocean Spray,PBC,JV,False,False
3120020071,Beverages,Ocean Spray,PBC,JV,False,False
3120021007,Beverages,Ocean Spray,PBC,JV,False,True
3120033027,Beverages,Ocean Spray,PBC,JV,False,False
3120000454,Beverages,Ocean Spray,PBC,JV,True,True
3120022007,Beverages,Ocean Spray,PBC,JV,False,False
3120020298,Beverages,Ocean Spray,PBC,JV,False,False
3120027015,Beverages,Ocean Spray,PBC,JV,False,False
3120026107,Beverages,Ocean Spray,PBC,JV,False,False
3120037007,Beverages,Ocean Spray,PBC,JV,False,False
3120035027,Beverages,Ocean Spray,PBC,JV,False,False
3120000066,Beverages,Ocean Spray,PBC,JV,False,False
3120000226,Beverages,Ocean Spray,PBC,JV,False,False
3120000061,Beverages,Ocean Spray,PBC,JV,False,False
3120000455,Beverages,Ocean Spray,PBC,JV,False,False
3120020007,Beverages,Ocean Spray,PBC,JV,False,False
3120023027,Beverages,Ocean Spray,PBC,JV,True,True
3120020300,Beverages,Ocean Spray,PBC,JV,False,False
3120000191,Beverages,Ocean Spray,PBC,JV,False,False
3120000462,Beverages,Ocean Spray,PBC,JV,False,False
3120020031,Beverages,Ocean Spray,PBC,JV,False,False
3120034227,Beverages,Ocean Spray,PBC,JV,False,False
3120020043,Beverages,Ocean Spray,PBC,JV,False,False
3120000186,Beverages,Ocean Spray,PBC,JV,True,True
1600042596,Beverages,Ocean Spray,PBC,JV,True,True
1600045451,Beverages,Ocean Spray,PBC,JV,False,True
4850002159,Beverages,Ocean Spray,PBC,JV,False,False
3120000345,Beverages,Ocean Spray,PBC,JV,False,False
3120000346,Beverages,Ocean Spray,PBC,JV,False,False
3120000351,Beverages,Ocean Spray,PBC,JV,True,True
2533544014,Quaker,Quaker,Quaker,Corporate,False,False
7025346944,Quaker,Pasta Roni,Quaker,Corporate,False,False
9370960044,Quaker,Quaker,Quaker,Corporate,False,False
1530044009,Quaker,Pasta Roni,Quaker,Corporate,True,True
1530044082,Quaker,Pasta Roni,Quaker,Corporate,True,True
1530044051,Quaker,Pasta Roni,Quaker,Corporate,True,True
1530020013,Quaker,Pasta Roni,Quaker,Corporate,True,True
1530044132,Quaker,Pasta Roni,Quaker,Corporate,True,True
1530044017,Quaker,Pasta Roni,Quaker,Corporate,True,True
1530044035,Quaker,Pasta Roni,Quaker,Corporate,True,True
1530044025,Quaker,Pasta Roni,Quaker,Corporate,True,True
1530020014,Quaker,Pasta Roni,Quaker,Corporate,True,True
1530044049,Quaker,Pasta Roni,Quaker,Corporate,True,True
1530044032,Quaker,Pasta Roni,Quaker,Corporate,True,True
1530044033,Quaker,Pasta Roni,Quaker,Corporate,True,True
64017367017,Quaker,Pasta Roni,Quaker,Corporate,False,False
6608607087,Quaker,Pasta Roni,Quaker,Corporate,False,False
68826713360,Quaker,Quaker,Quaker,Corporate,False,False
68826713359,Quaker,Quaker,Quaker,Corporate,False,False
68826714045,Beverages,Diet Mountain Dew,PBC,Corporate,True,False
68826707633,Quaker,Pasta Roni,Quaker,Corporate,False,False
68826713423,Quaker,Pasta Roni,Quaker,Corporate,False,False
68826707635,Quaker,Pasta Roni,Quaker,Corporate,False,False
68826713424,Quaker,Pasta Roni,Quaker,Corporate,False,False
68826707191,Quaker,Pasta Roni,Quaker,Corporate,False,False
68826707204,Quaker,Pasta Roni,Quaker,Corporate,False,False
68826707112,Quaker,Pasta Roni,Quaker,Corporate,False,False
68826707206,Quaker,Pasta Roni,Quaker,Corporate,False,False
68826707192,Quaker,Pasta Roni,Quaker,Corporate,False,False
68826704485,Quaker,Pasta Roni,Quaker,Corporate,False,False
4732502429,Quaker,Pasta Roni,Quaker,Corporate,False,False
0,FLNA,Grandmas,FLNA,Corporate,False,False
1200000016,Beverages,Pepsi,PBC,Corporate,True,True
1200080994,Beverages,Pepsi,PBC,Corporate,True,True
1200010604,Beverages,Pepsi,PBC,Corporate,True,True
1200000017,Beverages,Pepsi,PBC,Corporate,True,True
1200010028,Beverages,Pepsi,PBC,Corporate,True,True
1200050405,Beverages,Pepsi,PBC,Corporate,True,True
1200000826,Beverages,Pepsi,PBC,Corporate,True,True
1200001426,Beverages,Pepsi,PBC,Corporate,True,True
1200059156,Beverages,Pepsi,PBC,Corporate,True,True
1200080008,Beverages,Pepsi,PBC,Corporate,True,True
1200000113,Beverages,Pepsi,PBC,Corporate,True,True
1200000230,Beverages,Pepsi,PBC,Corporate,True,True
1200000531,Beverages,Pepsi,PBC,Corporate,True,True
1200081002,Beverages,Diet Pepsi,PBC,Corporate,True,True
1200000492,Beverages,Pepsi,PBC,Corporate,True,True
1200081003,Beverages,Diet Pepsi,PBC,Corporate,True,True
1200000524,Beverages,Diet Pepsi,PBC,Corporate,True,True
1200000514,Beverages,Diet Pepsi,PBC,Corporate,True,True
1200001422,Beverages,Diet Pepsi,PBC,Corporate,True,True
1200059158,Beverages,Diet Pepsi,PBC,Corporate,True,True
1200000496,Beverages,Diet Pepsi,PBC,Corporate,True,True
1200003068,Beverages,Pepsi,PBC,Corporate,True,True
1200000190,Beverages,Diet Pepsi,PBC,Corporate,True,True
1200080995,Beverages,Diet Pepsi,PBC,Corporate,True,True
1200010605,Beverages,Diet Pepsi,PBC,Corporate,True,True
1200000053,Beverages,Diet Pepsi,PBC,Corporate,True,True
1200010041,Beverages,Diet Pepsi,PBC,Corporate,True,True
1200050406,Beverages,Diet Pepsi,PBC,Corporate,True,True
1200000841,Beverages,Diet Pepsi,PBC,Corporate,True,True
1200001430,Beverages,Diet Pepsi,PBC,Corporate,True,True
1200059157,Beverages,Diet Pepsi,PBC,Corporate,True,True
1200014093,Beverages,Diet Pepsi,PBC,Corporate,True,True
1200080139,Beverages,Diet Pepsi,PBC,Corporate,True,True
1200000132,Beverages,Diet Pepsi,PBC,Corporate,True,True
1200000231,Beverages,Diet Pepsi,PBC,Corporate,True,True
1200000533,Beverages,Diet Pepsi,PBC,Corporate,True,True
1200000916,Beverages,Diet Pepsi,PBC,Corporate,True,True
1200000058,Beverages,Diet Pepsi,PBC,Corporate,True,True
1200000239,Beverages,Pepsi,PBC,Corporate,True,True
1200001519,Beverages,Diet Pepsi,PBC,Corporate,True,True
1200001515,Beverages,Diet Pepsi,PBC,Corporate,True,True
1200000611,Beverages,Pepsi,PBC,Corporate,True,True
1200001879,Beverages,Diet Pepsi,PBC,Corporate,True,True
1200003196,Beverages,Diet Pepsi,PBC,Corporate,True,True
1200036602,Beverages,Diet Pepsi,PBC,Corporate,True,True
1200003281,Beverages,Diet Pepsi,PBC,Corporate,True,True
1200001881,Beverages,Diet Pepsi,PBC,Corporate,True,True
1200015029,Beverages,Pepsi,PBC,Corporate,True,True
1200015026,Beverages,Pepsi,PBC,Corporate,True,True
1200000813,Beverages,Pepsi,PBC,Corporate,True,True
1200013060,Beverages,Pepsi,PBC,Corporate,True,True
1200003066,Beverages,Pepsi,PBC,Corporate,True,True
1200003065,Beverages,Pepsi,PBC,Corporate,True,True
1200013050,Beverages,Pepsi,PBC,Corporate,True,True
1200013062,Beverages,Pepsi,PBC,Corporate,True,True
1200080999,Beverages,Pepsi,PBC,Corporate,True,True
1200081019,Beverages,Pepsi,PBC,Corporate,True,True
1200000311,Beverages,Pepsi,PBC,Corporate,True,True
1200081017,Beverages,Diet Pepsi,PBC,Corporate,True,True
1200000526,Beverages,Diet Pepsi,PBC,Corporate,True,True
1200000341,Beverages,Diet Pepsi,PBC,Corporate,True,True
1200013055,Beverages,Pepsi,PBC,Corporate,True,True
1200013049,Beverages,Pepsi,PBC,Corporate,True,True
4112901089,Quaker,Pasta Roni,Quaker,Corporate,False,False
4112901004,Quaker,Pasta Roni,Quaker,Corporate,False,False
4112901514,Quaker,Pasta Roni,Quaker,Corporate,False,False
4112903090,Quaker,Pasta Roni,Quaker,Corporate,False,False
4112905161,Quaker,Pasta Roni,Quaker,Corporate,False,False
4112901015,Quaker,Pasta Roni,Quaker,Corporate,False,False
4112902003,Quaker,Pasta Roni,Quaker,Corporate,False,False
4112901005,Quaker,Pasta Roni,Quaker,Corporate,False,False
4112901027,Quaker,Pasta Roni,Quaker,Corporate,False,False
4112902060,Quaker,Pasta Roni,Quaker,Corporate,False,False
4112901081,Quaker,Pasta Roni,Quaker,Corporate,False,False
4112901006,Quaker,Pasta Roni,Quaker,Corporate,False,False
4112902068,Quaker,Pasta Roni,Quaker,Corporate,False,False
4112902045,Quaker,Pasta Roni,Quaker,Corporate,False,False
4112901026,Quaker,Pasta Roni,Quaker,Corporate,False,False
4112903075,Quaker,Pasta Roni,Quaker,Corporate,False,False
4112902036,Quaker,Pasta Roni,Quaker,Corporate,False,False
4112901022,Quaker,Pasta Roni,Quaker,Corporate,False,False
4112902048,Quaker,Pasta Roni,Quaker,Corporate,False,False
4112902067,Quaker,Pasta Roni,Quaker,Corporate,False,False
4112901025,Quaker,Pasta Roni,Quaker,Corporate,False,False
4112901024,Quaker,Pasta Roni,Quaker,Corporate,False,False
4112901023,Quaker,Pasta Roni,Quaker,Corporate,False,False
4112901003,Quaker,Pasta Roni,Quaker,Corporate,False,False
4112901002,Quaker,Pasta Roni,Quaker,Corporate,False,False
4112901001,Quaker,Pasta Roni,Quaker,Corporate,False,False
4112901042,Quaker,Pasta Roni,Quaker,Corporate,False,False
4112901020,Quaker,Pasta Roni,Quaker,Corporate,False,False
4112901021,Quaker,Pasta Roni,Quaker,Corporate,False,False
4112906061,Quaker,Pasta Roni,Quaker,Corporate,False,False
4112901010,Quaker,Pasta Roni,Quaker,Corporate,True,False
5200051233,Beverages,Propel,Gatorade,Corporate,True,True
5200050633,Beverages,Propel,Gatorade,Corporate,True,True
5200000338,Beverages,Propel,Gatorade,Corporate,True,True
5200013468,Beverages,Propel,Gatorade,Corporate,True,True
5200000095,Beverages,Propel,Gatorade,Corporate,True,True
5200013484,Beverages,Propel,Gatorade,Corporate,True,True
5200051248,Beverages,Propel,Gatorade,Corporate,True,True
5200050648,Beverages,Propel,Gatorade,Corporate,True,True
5200000342,Beverages,Propel,Gatorade,Corporate,True,True
5200051200,Beverages,Propel,Gatorade,Corporate,True,True
5200050640,Beverages,Propel,Gatorade,Corporate,True,True
5200013341,Beverages,Propel,Gatorade,Corporate,True,True
5200013469,Beverages,Propel,Gatorade,Corporate,True,True
5200000339,Beverages,Propel,Gatorade,Corporate,True,True
5200051232,Beverages,Propel,Gatorade,Corporate,True,True
5200050632,Beverages,Propel,Gatorade,Corporate,True,True
5200000299,Beverages,Propel,Gatorade,Corporate,True,True
5200013474,Beverages,Propel,Gatorade,Corporate,True,True
5200000344,Beverages,Propel,Gatorade,Corporate,True,True
1200028617,Beverages,Pure Leaf,PBC,JV,True,True
1200028626,Beverages,Pure Leaf,PBC,JV,True,True
1200028618,Beverages,Pure Leaf,PBC,JV,True,True
4850002065,Beverages,Pure Leaf,PBC,JV,True,True
1200028623,Beverages,Pure Leaf,PBC,JV,True,True
1200004117,Beverages,Pure Leaf,PBC,JV,True,True
1200004116,Beverages,Pure Leaf,PBC,JV,True,True
1200028628,Beverages,Pure Leaf,PBC,JV,True,True
1200028622,Beverages,Pure Leaf,PBC,JV,True,True
1200028627,Beverages,Pure Leaf,PBC,JV,True,True
1200028619,Beverages,Pure Leaf,PBC,JV,True,True
4850002063,Beverages,Pure Leaf,PBC,JV,True,True
1200028629,Beverages,Pure Leaf,PBC,JV,True,True
4100000992,Beverages,Pure Leaf,PBC,JV,True,True
1200028620,Beverages,Pure Leaf,PBC,JV,True,True
4850002064,Beverages,Pure Leaf,PBC,JV,True,True
3000007200,Quaker,Quaker,Quaker,Corporate,True,True
3000031407,Quaker,Chewy,Quaker,Corporate,True,True
3000006531,Quaker,Cap'N Crunch,Quaker,Corporate,True,True
3000006610,Quaker,Cap'N Crunch,Quaker,Corporate,True,True
3000006301,Quaker,Cap'N Crunch,Quaker,Corporate,True,True
3000004351,Quaker,Cap'N Crunch,Quaker,Corporate,True,True
3000031528,Quaker,Cap'N Crunch,Quaker,Corporate,True,True
3000006560,Quaker,Cap'N Crunch,Quaker,Corporate,True,True
3000006567,Quaker,Cap'N Crunch,Quaker,Corporate,True,True
3000031597,Quaker,Cap'N Crunch,Quaker,Corporate,True,True
3000006507,Quaker,Cap'N Crunch,Quaker,Corporate,True,True
3000006211,Quaker,Cap'N Crunch,Quaker,Corporate,True,True
3000031381,Quaker,Cap'N Crunch,Quaker,Corporate,True,True
3000031884,Quaker,Cap'N Crunch,Quaker,Corporate,True,True
3000031885,Quaker,Cap'N Crunch,Quaker,Corporate,True,True
3000031322,Quaker,Chewy,Quaker,Corporate,True,True
3000045052,Quaker,Chewy,Quaker,Corporate,True,True
3000031269,Quaker,Chewy,Quaker,Corporate,True,True
3000031104,Quaker,Chewy,Quaker,Corporate,True,True
3000031103,Quaker,Chewy,Quaker,Corporate,True,True
3000031271,Quaker,Chewy,Quaker,Corporate,True,True
3000031521,Quaker,Chewy,Quaker,Corporate,True,True
3000032103,Quaker,Chewy,Quaker,Corporate,True,True
3000005575,Quaker,Chewy,Quaker,Corporate,True,True
3000031182,Quaker,Chewy,Quaker,Corporate,True,True
3000045017,Quaker,Chewy,Quaker,Corporate,True,True
3000005508,Quaker,Chewy,Quaker,Corporate,True,True
3000031175,Quaker,Chewy,Quaker,Corporate,True,True
3000007690,Quaker,Chewy,Quaker,Corporate,True,True
3000031186,Quaker,Chewy,Quaker,Corporate,True,True
3000032102,Quaker,Chewy,Quaker,Corporate,True,True
3000031180,Quaker,Chewy,Quaker,Corporate,True,True
3000031176,Quaker,Chewy,Quaker,Corporate,True,True
3000005576,Quaker,Chewy,Quaker,Corporate,True,True
3000031184,Quaker,Chewy,Quaker,Corporate,True,True
3000005568,Quaker,Chewy,Quaker,Corporate,True,True
3000031181,Quaker,Chewy,Quaker,Corporate,True,True
3000031188,Quaker,Chewy,Quaker,Corporate,True,True
3000031183,Quaker,Chewy,Quaker,Corporate,True,True
3000031282,Quaker,Chewy,Quaker,Corporate,True,True
3000031280,Quaker,Chewy,Quaker,Corporate,True,True
3000031281,Quaker,Chewy,Quaker,Corporate,True,True
3000003050,Quaker,Quaker,Quaker,Corporate,True,True
3000026337,Quaker,IQO,Quaker,Corporate,True,True
3000031956,Quaker,IQO,Quaker,Corporate,True,True
3000031957,Quaker,IQO,Quaker,Corporate,True,True
3000007843,Quaker,Quaker,Quaker,Corporate,True,True
3000031675,Quaker,POPPED,Quaker,Corporate,True,True
3000031674,Quaker,POPPED,Quaker,Corporate,True,True
3000003790,Quaker,Grits,Quaker,Corporate,True,True
3000004760,Quaker,Grits,Quaker,Corporate,True,True
3000004430,Quaker,Grits,Quaker,Corporate,True,True
3000001380,Quaker,IQO,Quaker,Corporate,True,True
3000031678,Quaker,IQO,Quaker,Corporate,True,True
3000026873,Quaker,IQO,Quaker,Corporate,True,True
3000031277,Quaker,IQO,Quaker,Corporate,True,True
3000026192,Quaker,IQO Premium,Quaker,Corporate,True,True
3000026291,Quaker,IQO,Quaker,Corporate,True,True
3000001460,Quaker,IQO,Quaker,Corporate,True,True
3000031209,Quaker,IQO,Quaker,Corporate,True,True
3000031684,Quaker,IQO,Quaker,Corporate,True,True
3000001880,Quaker,IQO,Quaker,Corporate,True,True
3000032160,Quaker,IQO,Quaker,Corporate,True,True
3000026190,Quaker,IQO Premium,Quaker,Corporate,True,True
3000001190,Quaker,IQO,Quaker,Corporate,True,True
3000027113,Quaker,IQO,Quaker,Corporate,True,True
3000026335,Quaker,IQO,Quaker,Corporate,True,True
3000031958,Quaker,IQO,Quaker,Corporate,True,True
3000026872,Quaker,IQO,Quaker,Corporate,True,True
3000026920,Quaker,IQO,Quaker,Corporate,True,True
3000026948,Quaker,IQO,Quaker,Corporate,True,True
3000001240,Quaker,IQO,Quaker,Corporate,True,True
3000001320,Quaker,IQO,Quaker,Corporate,True,True
3000001210,Quaker,IQO,Quaker,Corporate,True,True
3000001499,Quaker,IQO,Quaker,Corporate,True,True
3000026966,Quaker,IQO,Quaker,Corporate,True,True
3000006322,Quaker,Life,Quaker,Corporate,True,True
3000006083,Quaker,Life,Quaker,Corporate,True,True
3000006354,Quaker,Life,Quaker,Corporate,True,True
3000006110,Quaker,Life,Quaker,Corporate,True,True
3000006119,Quaker,Life,Quaker,Corporate,True,True
3000031600,Quaker,Life,Quaker,Corporate,True,True
3000007060,Quaker,IQO,Quaker,Corporate,True,True
3000031780,Quaker,Quaker,Quaker,Corporate,True,True
3000031328,Quaker,QK Oat Squares Cereal,Quaker,Corporate,True,True
3000006153,Quaker,QK Oat Squares Cereal,Quaker,Corporate,True,True
3000006430,Quaker,QK Oat Squares Cereal,Quaker,Corporate,True,True
3000006441,Quaker,QK Oat Squares Cereal,Quaker,Corporate,True,True
3000001020,Quaker,SQO,Quaker,Corporate,True,True
3000001040,Quaker,SQO,Quaker,Corporate,True,True
3000001203,Quaker,SQO,Quaker,Corporate,True,True
3000032063,Quaker,SQO,Quaker,Corporate,True,True
3000004090,Quaker,Grits,Quaker,Corporate,True,True
3000031571,Quaker,IQO,Quaker,Corporate,True,True
3000031570,Quaker,IQO,Quaker,Corporate,True,True
